id,name,chain_type,address,phone,website,latitude,longitude,rating,user_ratings_total,price_level,opening_hours,business_status,types,formatted_address,city,collection_method,place_id,google_maps_url,collection_date,confidence_score
1,レイスポーツクラブ岡山,その他,日本、〒700-0944 岡山県岡山市南区泉田１丁目７−６,086-233-2626,http://ray-sports.jp/,34.62811,133.915133,3.5,,,月曜日: 9時00分～22時30分; 火曜日: 9時00分～22時30分; 水曜日: 9時00分～22時30分; 木曜日: 9時00分～22時30分; 金曜日: 9時00分～22時30分; 土曜日: 9時00分～19時00分; 日曜日: 9時00分～18時00分,OPERATIONAL,"gym, spa, point_of_interest, health, establishment",,,nearby_search,,,2025-07-28,1.00
2,カーブス 表町,Curves,日本、〒700-0822 岡山県岡山市北区表町１丁目６−５６ 2F,086-232-7239,https://www.curves.co.jp/gmb690/?s_id=90218,34.6646005,133.9299451,3.1,,,"月曜日: 10時00分～13時00分, 15時00分～19時00分; 火曜日: 10時00分～13時00分, 15時00分～19時00分; 水曜日: 10時00分～13時00分, 15時00分～19時00分; 木曜日: 10時00分～13時00分, 15時00分～19時00分; 金曜日: 10時00分～13時00分, 15時00分～19時00分; 土曜日: 10時00分～13時00分; 日曜日: 定休日",OPERATIONAL,"spa, gym, point_of_interest, establishment, health",,,nearby_search,,,2025-07-28,1.00
3,ゼロ戦クラブ,その他,日本、〒700-0971 岡山県岡山市北区野田２丁目１３−８ 野田パークビル ２F,086-244-6806,https://zero-fight.com/,34.654123,133.9031501,3.4,,,月曜日: 24 時間営業; 火曜日: 24 時間営業; 水曜日: 24 時間営業; 木曜日: 24 時間営業; 金曜日: 24 時間営業; 土曜日: 24 時間営業; 日曜日: 24 時間営業,OPERATIONAL,"establishment, point_of_interest, spa, health, gym",,,nearby_search,,,2025-07-28,1.00
4,コザックススポーツ本店,その他,日本、〒700-0927 岡山県岡山市北区西古松１丁目２０−１１,086-239-4575,,34.6491079,133.906907,5,,,,OPERATIONAL,"gym, health, point_of_interest, establishment",,,nearby_search,,,2025-07-28,1.00
5,岡山プロポーションアカデミー,その他,日本、〒700-0821 岡山県岡山市北区中山下１丁目１０−１０ 新田ビル 6F,086-231-1755,https://www.n-pa.com/,34.6637172,133.9280007,4.8,,,月曜日: 10時00分～20時00分; 火曜日: 10時00分～20時00分; 水曜日: 10時00分～20時00分; 木曜日: 10時00分～20時00分; 金曜日: 10時00分～20時00分; 土曜日: 10時00分～16時00分; 日曜日: 定休日,OPERATIONAL,"health, gym, beauty_salon, establishment, point_of_interest",,,nearby_search,,,2025-07-28,1.00
6,(有)アスリート レンタルスタジオ事業部,その他,日本、〒700-0807 岡山県岡山市北区南方５丁目６−６,086-254-0007,https://nbma-okayama.jp/%E6%A1%88%E5%86%85/19348/,34.6778976,133.9212455,,,,月曜日: 10時00分～22時00分; 火曜日: 10時00分～22時00分; 水曜日: 10時00分～22時00分; 木曜日: 10時00分～22時00分; 金曜日: 10時00分～22時00分; 土曜日: 10時00分～22時00分; 日曜日: 10時00分～19時00分,OPERATIONAL,"gym, establishment, health, point_of_interest, school",,,nearby_search,,,2025-07-28,1.00
7,Mitsuzumi B.L.D,その他,日本、〒700-0977 岡山県岡山市北区問屋町１１−１０２ MITSUZUMIビル 3F,086-239-0529,http://mitsuzumi.com/,34.6447501,133.8901301,4.3,,,月曜日: 9時00分～23時00分; 火曜日: 9時00分～23時00分; 水曜日: 9時00分～23時00分; 木曜日: 9時00分～23時00分; 金曜日: 9時00分～23時00分; 土曜日: 9時00分～23時00分; 日曜日: 9時00分～23時00分,OPERATIONAL,"gym, health, establishment, school, point_of_interest",,,nearby_search,,,2025-07-28,1.00
8,ヒーローズ,その他,日本、〒702-0971 岡山県岡山市北区野田２丁目３−３１,086-230-6988,http://heroes.main.jp/,34.6527144,133.903744,4.9,,,月曜日: 10時00分～21時00分; 火曜日: 10時00分～21時00分; 水曜日: 10時00分～21時00分; 木曜日: 10時00分～21時00分; 金曜日: 10時00分～21時00分; 土曜日: 10時00分～21時00分; 日曜日: 定休日,OPERATIONAL,"point_of_interest, gym, health, establishment",,,nearby_search,,,2025-07-28,1.00
9,yoga nadi,その他,日本、〒700-0831 岡山県岡山市北区京橋町９−２５,,https://yoganadi-trinity.com/,34.6580308,133.9307059,5,,,月曜日: 定休日; 火曜日: 定休日; 水曜日: 定休日; 木曜日: 14時00分～20時30分; 金曜日: 10時30分～15時00分; 土曜日: 8時45分～17時00分; 日曜日: 8時45分～17時00分,OPERATIONAL,"point_of_interest, health, gym, establishment",,,nearby_search,,,2025-07-28,1.00
10,ライザップ(RIZAP)岡山店,RIZAP,日本、〒700-0822 岡山県岡山市北区表町１丁目３−５０ 岡山県薬業会館ビル1F,0120-700-900,https://www.rizap.jp/studios/studio027,34.6644687,133.9291522,3.8,,,月曜日: 7時00分～23時00分; 火曜日: 7時00分～23時00分; 水曜日: 7時00分～23時00分; 木曜日: 7時00分～23時00分; 金曜日: 7時00分～23時00分; 土曜日: 7時00分～23時00分; 日曜日: 7時00分～23時00分,OPERATIONAL,"point_of_interest, health, establishment, gym",,,nearby_search,,,2025-07-28,1.00
11,ホットヨガロイブ岡山店,その他,日本、〒700-0935 岡山県岡山市北区神田町２丁目５−２１,0570-666-969,https://www.hotyoga-loive.com/studio/okayama/?utm_source=Google_mybusiness&utm_medium=link&utm_campaign=okayama,34.6390293,133.924316,4.8,,,月曜日: 定休日; 火曜日: 10時00分～22時00分; 水曜日: 10時00分～22時00分; 木曜日: 17時00分～22時00分; 金曜日: 10時00分～22時00分; 土曜日: 10時00分～18時30分; 日曜日: 10時00分～16時45分,OPERATIONAL,"establishment, health, spa, gym, point_of_interest",,,nearby_search,,,2025-07-28,1.00
12,ノアインドアステージ岡山校,その他,日本、〒700-0973 岡山県岡山市南区下中野１４０７−１,086-243-6522,https://noah-okayama.com/,34.6397382,133.9101829,4.4,,,"月曜日: 定休日; 火曜日: 9時00分～23時00分; 水曜日: 9時00分～15時00分, 15時30分～23時00分; 木曜日: 9時00分～23時00分; 金曜日: 9時00分～23時00分; 土曜日: 6時30分～21時00分; 日曜日: 6時30分～17時00分",OPERATIONAL,"establishment, point_of_interest, gym, health",,,nearby_search,,,2025-07-28,1.00
13,テニス&バドミントンスクール・ノア 岡山校,その他,日本、〒700-0973 岡山県岡山市南区下中野１４０７−１,086-243-6522,https://noah-okayama.com/,34.639736,133.9101853,4.2,,,月曜日: 定休日; 火曜日: 9時00分～21時30分; 水曜日: 9時00分～22時30分; 木曜日: 9時00分～21時30分; 金曜日: 9時00分～22時30分; 土曜日: 7時15分～21時00分; 日曜日: 7時15分～16時30分,OPERATIONAL,"establishment, point_of_interest, gym, health, school",,,nearby_search,,,2025-07-28,1.00
14,ＪＳＮ岡山,その他,日本、〒700-0035 岡山県岡山市北区高柳西町１８−１０ スカイパレス高柳,086-259-3441,,34.6619467,133.8976079,4.5,,,,OPERATIONAL,"gym, establishment, point_of_interest, health",,,nearby_search,,,2025-07-28,1.00
15,カーブス ハピータウン岡北,Curves,日本、〒700-0804 岡山県岡山市北区中井町２丁目２−７ ハピータウン岡北 3F,086-234-8880,https://www.curves.co.jp/gbp_2209tr_3490/?s_id=91376,34.6795887,133.9286258,4.6,,,"月曜日: 10時00分～13時00分, 15時00分～19時00分; 火曜日: 10時00分～13時00分, 15時00分～19時00分; 水曜日: 10時00分～13時00分, 15時00分～19時00分; 木曜日: 10時00分～13時00分, 15時00分～19時00分; 金曜日: 10時00分～13時00分, 15時00分～19時00分; 土曜日: 10時00分～13時00分; 日曜日: 定休日",OPERATIONAL,"health, gym, point_of_interest, establishment, spa",,,nearby_search,,,2025-07-28,1.00
16,カーブス 原尾島,Curves,日本、〒703-8256 岡山県岡山市中区原尾島３丁目２ メガネの三城,086-271-7770,https://www.curves.co.jp/gbp_2209tr_3490/?s_id=91178,34.6706811,133.9448524,4.6,,,"月曜日: 10時00分～13時00分, 15時00分～19時00分; 火曜日: 10時00分～13時00分, 15時00分～19時00分; 水曜日: 10時00分～13時00分, 15時00分～19時00分; 木曜日: 10時00分～13時00分, 15時00分～19時00分; 金曜日: 10時00分～13時00分, 15時00分～19時00分; 土曜日: 10時00分～13時00分; 日曜日: 定休日",OPERATIONAL,"gym, point_of_interest, spa, establishment, health",,,nearby_search,,,2025-07-28,1.00
17,Green&Body,その他,日本、〒700-0975 岡山県岡山市北区今４丁目１５−２３ アクシス今 ２階,086-237-4370,https://www.green-and-body.com/,34.6451566,133.8913901,4.8,,,月曜日: 9時00分～21時00分; 火曜日: 9時00分～21時00分; 水曜日: 9時00分～21時00分; 木曜日: 9時00分～21時00分; 金曜日: 定休日; 土曜日: 9���00分～18時00分; 日曜日: 9時00分～18時00分,OPERATIONAL,"health, establishment, gym, point_of_interest, spa",,,nearby_search,,,2025-07-28,1.00
18,バンビ・スタイル工房,その他,日本、〒700-0975 岡山県岡山県岡山市北区今北区今７丁目２４−１８ 102,086-244-0400,http://kotuban-style.com/,34.642657,133.891578,4.3,,,月曜日: 10時00分～13時00分; 火曜日: 定休日; 水曜日: 10時00分～19時30分; 木曜日: 10時00分～19時30分; 金曜日: 10時00分～19時30分; 土曜日: 10時00分～19時30分; 日曜日: 10時00分～19時30分,OPERATIONAL,"point_of_interest, establishment, health, gym",,,nearby_search,,,2025-07-28,1.00
19,スリーウエルネス,その他,日本、〒700-0962 岡山県岡山市北区北長瀬表町３丁目１−８,0120-244-688,https://3wellness.jp/,34.650807,133.885586,4.7,,,,OPERATIONAL,"point_of_interest, gym, lodging, health, establishment",,,nearby_search,,,2025-07-28,1.00
20,カーブス 岡山辰巳,Curves,日本、〒700-0976 岡山県岡山市北区辰巳２６−１０２,086-259-1887,https://www.curves.co.jp/gbp_2209tr_3490/?s_id=91353,34.6412073,133.885899,4.7,,,"月曜日: 10時00分～13時00分, 15時00分～19時00分; 火曜日: 10時00分～13時00分, 15時00分～19時00分; 水曜日: 10時00分～13時00分, 15時00分～19時00分; 木曜日: 10時00分～13時00分, 15時00分～19時00分; 金曜日: 10時00分～13時00分, 15時00分～19時00分; 土曜日: 10時00分～13時00分; 日曜日: 定休日",OPERATIONAL,"point_of_interest, gym, spa, health, establishment",,,nearby_search,,,2025-07-28,1.00
21,岡山みやび温泉 大家族の湯,その他,日本、〒701-0144 岡山県岡山市北区久米１９７−１,,https://www.daikazokunoyu.jp/,34.6478067,133.8715127,3.9,,,月曜日: 7時00分～23時00分; 火曜日: 7時00分～23時00分; 水曜日: 7時00分～23時00分; 木曜日: 7時00分～23時00分; 金曜日: 7時00分～23時00分; 土曜日: 7時00分～23時00分; 日曜日: 7時00分～23時00分,OPERATIONAL,"health, point_of_interest, establishment, gym",,,nearby_search,,,2025-07-28,1.00
22,オーバルスポーツコム妹尾,その他,日本、〒701-0205 岡山県岡山市南区妹尾８１９−４,086-209-0080,http://www.oval-sports.com/schedule/senoo.html,34.609217,133.863462,3,,,月曜日: 9時30分～19時00分; 火曜日: 9時30分～21時30分; 水曜日: 9時30分～21時30分; 木曜日: 9時30分～21時30分; 金曜日: 9時30分～21時30分; 土曜日: 9時30分～18時00分; 日曜日: 9時30分～13時00分,OPERATIONAL,"point_of_interest, establishment, gym, spa, health",,,nearby_search,,,2025-07-28,1.00
23,ノートルダム清心女子大学 一宮体育館,その他,日本、〒701-1212 岡山県岡山市北区尾上２１２９,086-284-7207,,34.667562,133.861619,,,,,OPERATIONAL,"establishment, point_of_interest, gym, health",,,nearby_search,,,2025-07-28,1.00
24,カーブス 岡山雄町,Curves,日本、〒703-8204 岡山県岡山市中区雄町１７０−３,086-279-3300,https://www.curves.co.jp/gbp_2209tr_3490/?s_id=90065,34.6846277,133.9695592,4.6,,,"月曜日: 10時00分～13時00分, 15時00分～19時00分; 火曜日: 10時00分～13時00分, 15時00分～19時00分; 水曜日: 10時00分～13時00分, 15時00分～19時00分; 木曜日: 10時00分～13時00分, 15時00分～19時00分; 金曜日: 10時00分～13時00分, 15時00分～19時00分; 土曜日: 10時00分～13時00分; 日曜日: 定休日",OPERATIONAL,"point_of_interest, establishment, health, gym, spa",,,nearby_search,,,2025-07-28,1.00
25,(株)サンクセルクル,その他,日本、〒703-8265 岡山県岡山市中区倉田４９７−１ サンクセルクル,086-277-8815,http://www.cinqcercle.com/,34.629677,133.95754,,,,,OPERATIONAL,"establishment, gym, point_of_interest, health",,,nearby_search,,,2025-07-28,1.00
26,メディカルフィットネスこうなん,その他,日本、〒701-0211 岡山県岡山市南区東畦６５１−１９,086-282-1116,https://www.kounan-cl.com/shisetsu/fitness/,34.605598,133.880795,4,,,月曜日: 9時00分～17時00分; 火曜日: 9時00分～17時00分; 水曜日: 9時00分～17時00分; 木曜日: 9時00分～17時00分; 金曜日: 9時00分～17時00分; 土曜日: 9時00分～17時00分; 日曜日: 定休日,OPERATIONAL,"establishment, gym, health, point_of_interest",,,nearby_search,,,2025-07-28,1.00
27,カーブス 庭瀬,Curves,日本、〒701-0151 岡山県岡山市北区平野９２０ わたなべ生鮮館 2F,086-903-3226,https://www.curves.co.jp/gmb690/?s_id=91127,34.6467,133.854,4.4,,,"月曜日: 10時00分～13時00分, 15時00分～19時00分; 火曜日: 10時00分～13時00分, 15時00分～19時00分; 水曜日: 10時00分～13時00分, 15時00分～19時00分; 木曜日: 10時00分～13時00分, 15時00分～19時00分; 金曜日: 10時00分～13時00分, 15時00分～19時00分; 土曜日: 10時00分～13時00分; 日曜日: 定休日",OPERATIONAL,"establishment, point_of_interest, spa, health, gym",,,nearby_search,,,2025-07-28,1.00
28,倉敷市屋内水泳センター,その他,日本、〒710-0038 岡山県倉敷市新田２４５８,086-424-9192,https://www.k-sports.or.jp/facilities/28065/,34.5853575,133.7743452,4,,,月曜日: 9時30分～21時30分; 火曜日: 定休日; 水曜日: 9時30分～21時30分; 木曜日: 9時30分～21時30分; 金曜日: 9時30分～21時30分; 土曜日: 9時30分～19時30分; 日曜日: 9時30分～19時30分,OPERATIONAL,"point_of_interest, health, gym, establishment",,,nearby_search,,,2025-07-28,1.00
29,倉敷市 倉敷体育館,その他,日本、〒710-0846 岡山県倉敷市上富井１−８,086-422-8680,,34.5860699,133.745157,3.7,,,月曜日: 8時00分～21時30分; 火曜日: 8時00分～21時30分; 水曜日: 8時00分～21時30分; 木曜日: 8時00分～21時30分; 金曜日: 8時00分～21時30分; 土曜日: 8時00分～21時30分; 日曜日: 8時00分～21時30分,OPERATIONAL,"establishment, health, gym, point_of_interest",,,nearby_search,,,2025-07-28,1.00
30,BHファクトリー倉敷店,その他,日本、〒710-0038 岡山県倉敷市新田２９０１,086-421-2401,https://karadaikiki.net/,34.5806256,133.7751304,4.2,,,月曜日: 24 時間営業; 火曜日: 24 時間営業; 水曜日: 24 時間営業; 木曜日: 24 時間営業; 金曜日: 24 時間営業; 土曜日: 24 時間営業; 日曜日: 24 時間営業,OPERATIONAL,"gym, health, establishment, point_of_interest",,,nearby_search,,,2025-07-28,1.00
31,フィットネスイノベーション,その他,日本、〒710-0834 岡山県倉敷市笹沖６３８−１ オークビル １階１０３,070-8300-0284,http://www.ppsf-innovation.com/,34.5770797,133.7710507,5,,,月曜日: 8時00分～22時00分; 火曜日: 8時00分～22時00分; 水曜日: 8時00分～22時00分; 木曜日: 8時00分～22時00分; 金曜日: 8時00分～22時00分; 土曜日: 8時00分～22時00分; 日曜日: 8時00分～22時00分,OPERATIONAL,"health, establishment, gym, point_of_interest",,,nearby_search,,,2025-07-28,1.00
32,はあもにい倉敷,その他,日本、〒710-0043 岡山県倉敷市羽島６６６−１,086-434-9039,https://www.harmony-k.jp/,34.5960909,133.7791578,3.9,,,月曜日: 9時00分～21時00分; 火曜日: 9時00分～21時00分; 水曜日: 9時00分～21時00分; 木曜日: 9時00分～21時00分; 金曜日: 9時00分～21時00分; 土曜日: 9時00分～21時00分; 日曜日: 9時00分～17時30分,OPERATIONAL,"point_of_interest, gym, health, establishment, spa",,,nearby_search,,,2025-07-28,1.00
33,KENKOUYA 倉敷店,その他,日本、〒710-0833 岡山県倉敷市西中新田６１９−７,,http://kenkouya.net/,34.5848871,133.7703875,4.9,,,月曜日: 10時00分～23時00分; 火曜日: 10時00分～23時00分; 水曜日: 10時00分～23時00分; 木曜日: 10時00分～23時00分; 金曜日: 10時00分～23時00分; 土曜日: 10時00分～23時00分; 日曜日: 10時00分～23時00分,OPERATIONAL,"establishment, point_of_interest, gym, health",,,nearby_search,,,2025-07-28,1.00
34,グンゼスポーツアイビースクエア,その他,日本、〒710-0054 岡山県倉敷市本町１６−５４ グンゼスポーツクラブ,086-422-2001,http://www.gunzesports.com/kurashiki/?utm_source=google&utm_medium=maps,34.595715,133.7754904,3.7,,,月曜日: 9時00分～22時30分; 火曜日: 9時00分～22時30分; 水曜日: 9時00分～22時30分; 木曜日: 9時00分～22時30分; 金曜日: 9時00分～22時30分; 土曜日: 9時00分～21時00分; 日曜日: 9時00分～19時00分,OPERATIONAL,"establishment, point_of_interest, spa, gym, health",,,nearby_search,,,2025-07-28,1.00
35,パーソナルトレーニングジム AIスタジオ倉敷店,その他,日本、〒710-0817 岡山県倉敷市大内１２３７−１,086-486-0222,https://ai-dream.jp/?utm_source=map&utm_medium=link&utm_campaign=studio,34.60406760000001,133.7517228,5,,,月曜日: 10時00分～23時00分; 火曜日: 10時00分～23時00分; 水曜日: 10時00分～23時00分; 木曜日: 10時00分～23時00分; 金曜日: 10時00分～23時00分; 土曜日: 9時00分～20時00分; 日曜日: 9時00分～14時00分,OPERATIONAL,"health, point_of_interest, establishment, gym",,,nearby_search,,,2025-07-28,1.00
36,ノア・インドアステージ,その他,日本、〒710-0003 岡山県倉敷市平田６１５,086-463-0400,https://noah-kurashiki.com/,34.6112515,133.7795637,3.8,,,,OPERATIONAL,"health, gym, point_of_interest, establishment",,,nearby_search,,,2025-07-28,1.00
37,カーブス 倉敷古城池,Curves,日本、〒712-8046 岡山県倉敷市福田町古新田３０６−６,086-456-8577,https://www.curves.co.jp/gmb690/?s_id=91517,34.5478384,133.7624441,4.6,,,"月曜日: 10時00分～13時00分, 15時00分～19時00分; 火曜日: 10時00分～13時00分, 15時00分～19時00分; 水曜日: 10時00分～13時00分, 15時00分～19時00分; 木曜日: 10時00分～13時00分, 15時00分～19時00分; 金曜日: 10時00分～13時00分, 15時00分～19時00分; 土曜日: 10時00分～13時00分; 日曜日: 定休日",OPERATIONAL,"establishment, gym, spa, health, point_of_interest",,,nearby_search,,,2025-07-28,1.00
38,レイスポーツクラブ倉敷,その他,日本、〒710-0834 岡山県倉敷市笹沖１１７１−６,086-422-7700,http://www.raykura.co.jp/,34.5809544,133.7668633,3.9,,,月曜日: 9時30分～22時30分; 火曜日: 9時30分～22時30分; 水曜日: 9時30分～22時30分; 木曜日: 9時30分～22時30分; 金曜日: 9時30分～22時30分; 土曜日: 9時30分～22時00分; 日曜日: 9時30分～18時00分,OPERATIONAL,"health, point_of_interest, establishment, gym",,,nearby_search,,,2025-07-28,1.00
39,イオンスポーツクラブ3FIT倉敷店,その他,日本、〒710-8560 岡山県倉敷市水江１ イオンモール倉敷 1F,086-426-6305,https://x.gd/Ac8tC,34.6046639,133.7449887,3.1,,,月曜日: 9時00分～0時00分; 火曜日: 9時00分～0時00分; 水曜日: 9時00分～0時00分; 木曜日: 9時00分～0時00分; 金曜日: 9時00分～0時00分; 土曜日: 9時00分～22時00分; 日曜日: 9時00分～22時00分,OPERATIONAL,"gym, point_of_interest, health, establishment",,,nearby_search,,,2025-07-28,1.00
40,スポーツクラブ アクトス 倉敷店,その他,日本、〒712-8011 岡山県倉敷市連島町連島３７−６４,086-448-2911,https://sc1.axtos.com/shop/kurashiki,34.5611732,133.7486642,3.7,,,月曜日: 10時00分～23時00分; 火曜日: 10時00分～23時00分; 水曜日: 10時00分～23時00分; 木曜日: 定休日; 金曜日: 10時00分～23時00分; 土曜日: 10時00分～22時00分; 日曜日: 10時00分～19時00分,OPERATIONAL,"health, spa, gym, point_of_interest, establishment",,,nearby_search,,,2025-07-28,1.00
41,カーブス 倉敷老松,Curves,日本、〒710-0826 岡山県倉敷市老松町２丁目７−４,086-427-5501,https://www.curves.co.jp/gbp_2209tr_3490/?s_id=90284,34.59635660000001,133.7602471,4.6,,,"月曜日: 10時00分～13時00分, 15時00分～19時00分; 火曜日: 10時00分～13時00分, 15時00分～19時00分; 水曜日: 10時00分～13時00分, 15時00分～19時00分; 木曜日: 10時00分～13時00分, 15時00分～19時00分; 金曜日: 10時00分～13時00分, 15時00分～19時00分; 土曜日: 10時00分～13時00分; 日曜日: 定休日",OPERATIONAL,"establishment, health, spa, point_of_interest, gym",,,nearby_search,,,2025-07-28,1.00
42,トータルボディ,その他,日本、〒710-0834 岡山県倉敷市笹沖４０５−６ トータルボディ第１ビル 2F,090-9509-0428,http://totalbody.jp/,34.574249,133.7693784,5,,,月曜日: 13時00分～22時00分; 火曜日: 13時00分～22時00分; 水曜日: 13時00分～22時00分; 木曜日: 定休日; 金曜日: 13時00分～22時00分; 土曜日: 13時00分～22時00分; 日曜日: 定休日,OPERATIONAL,"spa, establishment, point_of_interest, gym, health",,,nearby_search,,,2025-07-28,1.00
43,タカボクシング,その他,日本、〒710-0833 岡山県倉敷市西中新田,,,34.5822113,133.7680479,,,,,OPERATIONAL,"establishment, health, gym, point_of_interest",,,nearby_search,,,2025-07-28,1.00
44,bodyconditioning SENSE ボディコンディショニングセンス 倉敷店,その他,日本、〒710-0833 岡山県倉敷市西中新田５１１−６,086-436-7966,https://bodyconditioning-sense.com/,34.5827849,133.7671901,4.8,,,月曜日: 9時00分～21時00分; 火曜日: 定休日; 水曜日: 9時00分～21時00分; 木曜日: 9時00分～21時00分; 金曜日: 9時00分～21時00分; 土曜日: 9時00分～18時00分; 日曜日: 9時00分～18時00分,OPERATIONAL,"point_of_interest, gym, health, establishment",,,nearby_search,,,2025-07-28,1.00
45,ジム ヴィクトリア,その他,日本、〒710-0046 岡山県倉敷市中央２丁目２１−７,,https://gym-victoria.com/#flow,34.5898843,133.7709901,5,,,月曜日: 6時00分～22時00分; 火曜日: 6時00分～22時00分; 水曜日: 定休日; 木曜日: 6時00分～22時00分; 金曜日: 6時00分～22時00分; 土曜日: 6時00分～22時00分; 日曜日: 6時00分～22時00分,OPERATIONAL,"health, point_of_interest, establishment, gym, spa",,,nearby_search,,,2025-07-28,1.00
46,エニタイムフィットネス 倉敷笹沖店,エニタイムフィットネス,日本、〒710-0834 岡山県倉敷市笹沖１２４０−３,086-454-8112,https://www.anytimefitness.co.jp/kurashikisasaoki/,34.5799575,133.7690111,3.9,,,月曜日: 24 時間営業; 火曜日: 24 時間営業; 水曜日: 24 時間営業; 木曜日: 24 時間営業; 金曜日: 24 時間営業; 土曜日: 24 時間営業; 日曜日: 24 時間営業,OPERATIONAL,"point_of_interest, health, spa, gym, establishment",,,nearby_search,,,2025-07-28,1.00
47,ピラティス×骨格特性 Adjust【アジャスト】,その他,日本、〒710-0834 岡山県倉敷市笹沖１１７１−６ レイスポーツクラブ倉敷 2階,086-441-0015,https://yorimitsu-kurashiki.com/adjust-pilates/,34.5809421,133.7668345,5,,,月曜日: 10時00分～22時00分; 火曜日: 10時00分～22時00分; 水曜日: 12時00分～22時00分; 木曜日: 10時00分～22時00分; 金曜日: 10時00分～22時00分; 土曜日: 10時00分～18時00分; 日曜日: 10時00分～18時00分,OPERATIONAL,"establishment, gym, point_of_interest, health",,,nearby_search,,,2025-07-28,1.00
48,カーブス 倉敷茶屋町,Curves,日本、〒710-1101 岡山県倉敷市茶屋町６０１−２,086-428-3997,https://www.curves.co.jp/gbp_2209tr_3490/?s_id=91725,34.571,133.824,4.6,,,"月曜日: 10時00分～13時00分, 15時00分～19時00分; 火曜日: 10時00分～13時00分, 15時00分～19時00分; 水曜日: 10時00分～13時00分, 15時00分～19時00分; 木曜日: 10時00分～13時00分, 15時00分～19時00分; 金曜日: 10時00分～13時00分, 15時00分～19時00分; 土曜日: 10時00分～13時00分; 日曜日: 定休日",OPERATIONAL,"spa, gym, health, point_of_interest, establishment",,,nearby_search,,,2025-07-28,1.00
49,サンフラワースポーツクラブ,その他,日本、〒701-0114 岡山県倉敷市松島１１７７,086-463-1331,https://www.sunflower-net.jp/fitness-2,34.6291844,133.8021391,3.9,,,月曜日: 9時00分～22時00分; 火曜日: 9時00分～22時00分; 水曜日: 9時00分～22時00分; 木曜日: 9時00分～22時00分; 金曜日: 9時00分～22時00分; 土曜日: 9時00分～22時00分; 日曜日: 定休日,OPERATIONAL,"point_of_interest, health, establishment, gym",,,nearby_search,,,2025-07-28,1.00
50,水島緑地福田公園体育館,その他,日本、〒712-8046 岡山県倉敷市福田町古新田１０２７−１０２７,086-455-1078,,34.5333591,133.7681929,4.2,,,月曜日: 8時30分～19時00分; 火曜日: 8時30分～19時00分; 水曜日: 8時30分～19時00分; 木曜日: 8時30分～19時00分; 金曜日: 8時30分～19時00分; 土曜日: 8時30分～19時00分; 日曜日: 8時30分～19時00分,OPERATIONAL,"establishment, gym, point_of_interest, health",,,nearby_search,,,2025-07-28,1.00
51,倉敷市 船穂武道館,その他,日本、〒710-0261 岡山県倉敷市船穂町船穂２８９７,086-552-5172,http://funao-budoukan.jp/,34.5855519,133.7070646,4.1,,,月曜日: 定休日; 火曜日: 8時00分～21時00分; 水曜日: 8時00分～21時00分; 木曜日: 8時00分～21時00分; 金曜日: 8時00分～21時00分; 土曜日: 8時00分～21時00分; 日曜日: 8時00分～21時00分,OPERATIONAL,"establishment, point_of_interest, gym, health",,,nearby_search,,,2025-07-28,1.00
52,スポーツ塾 アトム,その他,日本、〒710-0011 岡山県倉敷市徳芳８６９−６０,086-462-9345,https://www.atom-personal.com/,34.6253747,133.8231456,,,,月曜日: 10時00分～21時00分; 火曜日: 10時00分～21時00分; 水曜日: 10時00分～21時00分; 木曜日: 10時00分～21時00分; 金曜日: 10時00分～21時00分; 土曜日: 10時00分～21時00分; 日曜日: 10時00分～21時00分,OPERATIONAL,"spa, establishment, point_of_interest, health, gym",,,nearby_search,,,2025-07-28,1.00
53,EMOTION138,その他,日本、〒710-0145 岡山県倉敷市福江２０３−１,086-485-5959,http://emotion138.com/,34.5286271,133.8029393,4.8,,,月曜日: 16時00分～22時00分; 火曜日: 16時00分～22時00分; 水曜日: 16時00分～22時00分; 木曜日: 16時00分～22時00分; 金曜日: 16時00分～22時00分; 土曜日: 定休日; 日曜日: 定休日,OPERATIONAL,"establishment, gym, point_of_interest, health",,,nearby_search,,,2025-07-28,1.00
54,Bon Climbing Gym（ボンクライミングジム）,その他,日本、〒712-8001 岡山県倉敷市連島町西之浦８０４−１,086-451-4594,http://www.bonclimbinggym.com/,34.5488935,133.7077687,4.5,,,月曜日: 13時00分～22時00分; 火曜日: 定休日; 水曜日: 13時00分～22時00分; 木曜日: 13時00分～22時00分; 金曜日: 13時00分～22時00分; 土曜日: 11時00分～20時00分; 日曜日: 11時00分～20時00分,OPERATIONAL,"gym, point_of_interest, establishment, health",,,nearby_search,,,2025-07-28,1.00
55,BRIDGEPORT,その他,日本、〒701-0205 岡山県岡山市南区妹尾３４６５−１ ＢＲＩＤＧＥＰＯＲＴ,086-259-4669,http://www.bridgeport2015.com/,34.62307,133.8662756,4.8,,,月曜日: 12時00分～21時00分; 火曜日: 12時00分～21時00分; 水曜日: 定休日; 木曜日: 12時00分～21時00分; 金曜日: 12時00分～21時00分; 土曜日: 12時00分～21時00分; 日曜日: 12時00分～21時00分,OPERATIONAL,"point_of_interest, gym, health, establishment",,,nearby_search,,,2025-07-28,1.00
56,オーバルスポーツコム総社,その他,日本、〒719-1126 岡山県総社市総社１００８,0866-93-1300,http://www.oval-sports.com/schedule/soja.html,34.676404,133.760552,4.1,,,月曜日: 10時00分～21時30分; 火曜日: 10時00分～21時30分; 水曜日: 10時00分～21時30分; 木曜日: 10時00分～21時30分; 金曜日: 10時00分～21時30分; 土曜日: 10時00分～20時30分; 日曜日: 10時00分～18時00分,OPERATIONAL,"health, spa, gym, point_of_interest, establishment",,,nearby_search,,,2025-07-28,1.00
57,つやまスポーツクラブ アイ・マーレ,その他,日本、〒708-0035 岡山県津山市吹屋町２１ アイ・ふきや 2F,0868-25-1336,http://www.ai-mare.com/,35.0573331,133.999125,4.2,,,月曜日: 10時00分～22時00分; 火曜日: 10時00分～22時00分; 水曜日: 10時00分～22時00分; 木曜日: 10時00分～22時00分; 金曜日: 10時00分～22時00分; 土曜日: 10時00分～21時00分; 日曜日: 10時00分～18時00分,OPERATIONAL,"point_of_interest, health, gym, establishment",,,nearby_search,,,2025-07-28,1.00
58,YOGART,その他,日本、〒708-0004 岡山県津山市山北６６０−１ 石田ビル ２階,080-4265-2712,http://www.yogartstudio.jp/,35.0697039,134.0075392,4.9,,,"月曜日: 定休日; 火曜日: 10時30分～20時00分; 水曜日: 19時00分～20時30分; 木曜日: 14時00分～21時00分; 金曜日: 10時00分～11時30分, 18時30分～20時30分; 土曜日: 10時00分～16時30分; 日曜日: 9時00分～14時00分",OPERATIONAL,"point_of_interest, health, establishment, gym",,,nearby_search,,,2025-07-28,1.00
59,カーブス 津山小原,Curves,日本、〒708-0001 岡山県津山市小原１２５３−１,0868-35-0441,https://www.curves.co.jp/gmb690/?s_id=91791,35.0772064,133.998247,4.1,,,"月曜日: 10時00分～13時00分, 15時00分～19時00分; 火曜日: 10時00分～13時00分, 15時00分～19時00分; 水曜日: 10時00分～13時00分, 15時00分～19時00分; 木曜日: 10時00分～13時00分, 15時00分～19時00分; 金曜日: 10時00分～13時00分, 15時00分～19時00分; 土曜日: 10時00分～13時00分; 日曜日: 定休日",OPERATIONAL,"spa, gym, establishment, point_of_interest, health",,,nearby_search,,,2025-07-28,1.00
60,Globe Box,その他,日本、〒708-0062 岡山県津山市京町８０ Globe Box,0868-32-0155,https://www.globe2024.com/,35.0590902,134.0049508,4.6,,,月曜日: 17時00分～20時30分; 火曜日: 17時00分～20時30分; 水曜日: 定休日; 木曜日: 定休日; 金曜日: 17時00分～20時30分; 土曜日: 定休日; 日曜日: 定休日,OPERATIONAL,"health, point_of_interest, gym, establishment",,,nearby_search,,,2025-07-28,1.00
61,カーブス イオン津山,Curves,日本、〒708-0842 岡山県津山市河辺１０００−１,0868-35-3350,https://www.curves.co.jp/gmb690/?s_id=91105,35.0645922,134.0480893,4.6,,,"月曜日: 10時00分～13時00分, 15時00分～19時00分; 火曜��: 10時00分～13時00分, 15時00分～19時00分; 水曜日: 10時00分～13時00分, 15時00分～19時00分; 木曜日: 10時00分～13時00分, 15時00分～19時00分; 金曜日: 10時00分～13時00分, 15時00分～19時00分; 土曜日: 10時00分～13時00分; 日曜日: 定休日",OPERATIONAL,"establishment, health, gym, point_of_interest, spa",,,nearby_search,,,2025-07-28,1.00
62,カーブス 津山西,Curves,日本、〒708-0013 岡山県津山市二宮71番１ ウエストランド 2F,0868-20-1993,https://www.curves.co.jp/gmb690/?s_id=91414,35.0605505,133.959185,4.5,,,"月曜日: 10時00分～13時00分, 15時00分～19時00分; 火曜日: 10時00分～13時00分, 15時00分～19時00分; 水曜日: 10時00分～13時00分, 15時00分～19時00分; 木曜日: 10時00分～13時00分, 15時00分～19時00分; 金曜日: 10時00分～13時00分, 15時00分～19時00分; 土曜日: 10時00分～13時00分; 日曜日: 定休日",OPERATIONAL,"spa, health, establishment, point_of_interest, gym",,,nearby_search,,,2025-07-28,1.00
63,津山総合体育館,その他,日本、〒708-0004 岡山県津山市山北６６９,0868-24-0202,https://www.city.tsuyama.lg.jp/life/index2.php?id=8407,35.0689568,134.0083599,2.9,,,月曜日: 定休日; 火曜日: 8時30分～21時30分; 水曜日: 8時30分～21時30分; 木曜日: 8時30分～21時30分; 金曜日: 8時30分～21時30分; 土曜日: 8時30分～21時30分; 日曜日: 8時30分～17時00分,OPERATIONAL,"point_of_interest, establishment, gym, health",,,nearby_search,,,2025-07-28,1.00
64,岡山県津山東体育館,その他,日本、〒708-0822 岡山県津山市林田１２００−２,0868-24-0202,https://www.okayama-kanko.jp/spot/10471,35.067446,134.014681,,,,,OPERATIONAL,"gym, point_of_interest, establishment, health",,,nearby_search,,,2025-07-28,1.00
65,学校法人美作学園 体育館兼講堂,その他,日本、〒708-0021 岡山県津山市北町,,,35.0667049,134.0052917,,,,,OPERATIONAL,"point_of_interest, gym, health, establishment",,,nearby_search,,,2025-07-28,1.00
66,MOIS -aerial yoga- / モイス / エアリアルヨガスタジオ,その他,日本、〒708-0021 岡山県津山市北町５０−３ 北町ビル ３階,,https://lin.ee/K4sCflP,35.0652485,134.0053775,,,,月曜日: 9時30分～17時00分; 火曜日: 9時30分～17時00分; 水曜日: 9時30分～17時00分; 木曜日: 9時30分～17時00分; 金曜日: 9時30分～17時00分; 土曜日: 9時30分～17時00分; 日曜日: 9時30分～17時00分,OPERATIONAL,"health, establishment, point_of_interest, gym",,,nearby_search,,,2025-07-28,1.00
67,NBMA極真空手・岡山「津山道場」,その他,日本、〒708-0003 岡山県津山市北園町３６−５,086-232-9000,https://nbma-okayama.jp/info/tsuyama/,35.0777895,134.0037485,,,,月曜日: 10時00分～22時00分; 火曜日: 10時00分～22時00分; 水曜日: 19時00分～22時00分; 木曜日: 10時00分～22時00分; 金曜日: 10時00分～22時00分; 土曜日: 19時00分～22時00分; 日曜日: 定休日,OPERATIONAL,"health, point_of_interest, gym, establishment",,,nearby_search,,,2025-07-28,1.00
68,Personal Training Gym TOMBLACK,その他,日本、〒708-0024 岡山県津山市二階町３９ 池田ビル,090-8231-9004,https://tomblack-physical.com/,35.05879780000001,134.0013542,4.8,,,月曜日: 10時00分～22時00分; 火曜日: 10時00分～22時00分; 水曜日: 定休日; 木曜日: 10時00分～22時00分; 金曜日: 10時00分～22時00分; 土曜日: 10時00分～22時00分; 日曜日: 10時00分～18時00分,OPERATIONAL,"establishment, health, gym, point_of_interest",,,nearby_search,,,2025-07-28,1.00
69,Indoor Training Gym Slugger,その他,日本、〒708-0074 岡山県津山市北区福渡町１７,0868-35-3765,,35.0600659,133.9968272,4.7,,,,OPERATIONAL,"establishment, point_of_interest, gym, health",,,nearby_search,,,2025-07-28,1.00
70,Everyday Vibrant Activities Physical & Core Fitness Studio,その他,日本、〒708-0034 岡山県津山市船頭町53番地,080-6433-0424,https://tsuyama.mypl.net/shop/00000376864/,35.0578618,134.004531,5,,,月曜日: 10時00分～22時00分; 火曜日: 10時00分～22時00分; 水曜日: 10時00分～22時00分; 木曜日: 10時00分～22時00分; 金曜日: 10時00分～22時00分; 土曜日: 10時00分～22時00分; 日曜日: 10時00分～22時00分,OPERATIONAL,"gym, health, point_of_interest, establishment",,,nearby_search,,,2025-07-28,1.00
71,スポーツクラブアクトスWill_Gノースランド,その他,日本、〒708-0002 岡山県津山市上河原１６０−２,0868-35-0500,https://axtoslp.com/northland-lp/,35.0807143,134.0046001,4.7,,,月曜日: 9時00分～22時00分; 火曜日: 9時00分～22時00分; 水曜日: 9時00分～22時00分; 木曜日: 定休日; 金曜日: 9時00分～22時00分; 土曜日: 10時00分～21時00分; 日曜日: 10時00分～18時00分,OPERATIONAL,"gym, point_of_interest, establishment, health",,,nearby_search,,,2025-07-28,1.00
72,ワールドプラスジム 津山小田中店,その他,日本、〒708-0006 岡山県津山市小田中１８５７−１,0868-35-3434,https://www.worldplus-gym.com/shop/tsuyama-odanaka.html,35.0630163,133.9865394,4,,,月曜日: 24 時間営業; 火曜日: 24 時間営業; 水曜日: 24 時間営業; 木曜日: 24 時間営業; 金曜日: 24 時間営業; 土曜日: 24 時間営業; 日曜日: 24 時間営業,OPERATIONAL,"establishment, gym, health, point_of_interest",,,nearby_search,,,2025-07-28,1.00
73,津山市福岡体育館,その他,日本、〒708-0862 岡山県津山市横山１２３４−１,0868-24-6664,,35.0531397,134.0098895,4,,,月曜日: 9時00分～17時00分; 火曜日: 9時00分～21時00分; 水曜日: 9時00分～21時00分; 木曜日: 9時00分～21時00分; 金曜日: 9時00分～21時00分; 土曜日: 9時00分～21時00分; 日曜日: 9時00分～21時00分,OPERATIONAL,"gym, point_of_interest, establishment, health",,,nearby_search,,,2025-07-28,1.00
74,YOSHIYOGA,その他,日本、〒708-0862 岡山県津山市横山２４−９ フォンテーヌ 202,090-3034-3661,https://yoshiyoga.wixsite.com/home,35.0523937,134.0038069,5,,,,OPERATIONAL,"gym, establishment, point_of_interest, health",,,nearby_search,,,2025-07-28,1.00
75,Life-Performance-LAB.,その他,日本、〒708-0822 岡山県津山市林田７６７−１,090-2809-3793,https://life-performance-lab.com/,35.0651358,134.0245557,4.8,,,月曜日: 9時00分～20時00分; 火曜日: 9時00分～21時00分; 水曜日: 9時00分～21時00分; 木曜日: 9時00分～21時00分; 金曜日: 9時00分～18時00分; 土曜日: 13時30分～18時00分; 日曜日: 定休日,OPERATIONAL,"establishment, point_of_interest, health, gym",,,nearby_search,,,2025-07-28,1.00
76,ヒーリングサロン み・も・ざ/癒ピラティスSMK,その他,日本、〒708-0841 岡山県津山市川崎５７４,,,35.0632533,134.0258847,5,,,,OPERATIONAL,"health, establishment, gym, point_of_interest",,,nearby_search,,,2025-07-28,1.00
77,夢咲クラブ,その他,日本、〒709-3717 岡山県久米郡美咲町原田１７２４−３,0868-66-0911,http://www.yumesaki.club/,34.998522,133.957632,3.7,,,,OPERATIONAL,"establishment, gym, point_of_interest, health",,,nearby_search,,,2025-07-28,1.00
78,ユーズボウル津山,その他,日本、〒708-0842 岡山県津山市河辺８４４−１,0868-21-7333,http://www.us-bowl.co.jp/tsuyama/,35.062131,134.048925,3.6,,,月曜日: 10時00分～20時00分; 火曜日: 10時00分～22時00分; 水曜日: 10時00分～22時00分; 木曜日: 10時00分～22時00分; 金曜日: 10時00分～0時00分; 土曜日: 10時00分～0時00分; 日曜日: 10時00分～20時00分,OPERATIONAL,"establishment, health, gym, point_of_interest, bowling_alley",,,nearby_search,,,2025-07-28,1.00
79,DOT YOGA,その他,日本、〒707-0062 岡山県美作市湯郷７９９,070-5663-3345,https://sitayoga.jp/dotyoga/,34.9925616,134.1340936,,,,,OPERATIONAL,"establishment, point_of_interest, gym, health",,,nearby_search,,,2025-07-28,1.00
80,鏡野町文化スポーツセンター,その他,日本、〒708-0324 岡山県苫田郡鏡野町竹田１５８,0868-54-3811,http://www.kirari-kagamino.com/untitled11.html,35.0910077,133.9344562,3.8,,,月曜日: 定休日; 火曜日: 9時00分～22時00分; 水曜日: 9時00分～22時00分; 木曜日: 9時00分～22時00分; 金曜日: 9時00分～22時00分; 土曜日: 9時00分～22時00分; 日曜日: 9時00分～22時00分,OPERATIONAL,"gym, establishment, point_of_interest, health",,,nearby_search,,,2025-07-28,1.00
81,オーバルスポーツコム玉野,その他,日本、〒7160011 岡山県玉野市宇野１丁目３８−１,0863-31-5800,http://www.oval-sports.com/schedule/tamano.html,34.4919384,133.944835,3.9,,,月曜日: 9時30分～21時30分; 火曜日: 定休日; 水曜日: 9時30分～21時30分; 木曜日: 9時30分～21時30分; 金曜日: 9時30分～21時30分; 土曜日: 9時30���～21時30分; 日曜日: 9時30分～18時30分,OPERATIONAL,"point_of_interest, gym, health, establishment",,,nearby_search,,,2025-07-28,1.00
82,カーブス 岡山玉野,Curves,日本、〒706-0001 岡山県玉野市田井３丁目３２−１１８８−１,0863-33-6557,https://www.curves.co.jp/gmb690/?s_id=91714,34.5138403,133.953472,4.7,,,"月曜日: 10時00分～13時00分, 15時00分～19時00分; 火曜日: 10時00分～13時00分, 15時00分～19時00分; 水曜日: 10時00分～13時00分, 15時00分～19時00分; 木曜日: 10時00分～13時00分, 15時00分～19時00分; 金曜日: 10時00分～13時00分, 15時00分～19時00分; 土曜日: 10時00分～13時00分; 日曜日: 定休日",OPERATIONAL,"point_of_interest, health, spa, gym, establishment",,,nearby_search,,,2025-07-28,1.00
83,玉野市総合体育館,その他,日本、〒706-0012 岡山県玉野市玉２丁目３−１,0863-32-3709,http://www.tamano-sports.com/,34.4804922,133.935188,3.5,,,月曜日: 定休日; 火曜日: 9時00分～22時00分; 水曜日: 9時00分～22時00分; 木曜日: 9時00分～22時00分; 金曜日: 9時00分～22時00分; 土曜日: 9時00分～22時00分; 日曜日: 9時00分～22時00分,OPERATIONAL,"point_of_interest, establishment, gym, health",,,nearby_search,,,2025-07-28,1.00
84,ワールドプラスジム玉野店,その他,日本、〒706-0011 岡山県玉野市宇野２丁目１８−１１,0863-31-3070,https://www.worldplus-gym.com/shop/tamano.html,34.4919134,133.9410314,4.6,,,月曜日: 24 時間営業; 火曜日: 24 時間営業; 水曜日: 24 時間営業; 木曜日: 24 時間営業; 金曜日: 24 時間営業; 土曜日: 24 時間営業; 日曜日: 24 時間営業,OPERATIONAL,"point_of_interest, gym, health, establishment",,,nearby_search,,,2025-07-28,1.00
85,玉野スポーツセンター体育館,その他,日本、〒706-0001 岡山県玉野市田井２丁目,0863-31-0888,http://www.tamasupo.net/facility/gymnasium/index.html,34.5126094,133.9367722,5,,,,OPERATIONAL,"gym, health, establishment, point_of_interest",,,nearby_search,,,2025-07-28,1.00
86,カラダコンディショニングスタジオ【Spring】,その他,日本、〒706-0021 岡山県玉野市和田３丁目１３−６,,https://lin.ee/qJ8XZou,34.46512209999999,133.9248804,4.9,,,月曜日: 10時00分～19時30分; 火曜日: 10時00分～19時30分; 水曜日: 10時00分～16時30分; 木曜日: 10時00分～16時30分; 金曜日: 10時00分～14時30分; 土曜日: 11時00分～19時30分; 日曜日: 11時00分～19時30分,OPERATIONAL,"establishment, gym, point_of_interest, health",,,nearby_search,,,2025-07-28,1.00
87,シュミレーションゴルフ英（はなぶさ）,その他,日本、〒709-1203 岡山県岡山市南区西紅陽台２丁目５８−３５８,,https://www.instagram.com/hanabusa_harenokuni/,34.550316,133.8844893,5,,,,OPERATIONAL,"health, point_of_interest, gym, establishment",,,nearby_search,,,2025-07-28,1.00
88,岡山市立灘崎中学校体育館,その他,日本、〒709-1215 岡山県岡山市南区片岡,,,34.5400835,133.8664294,5,,,,OPERATIONAL,"gym, health, point_of_interest, establishment",,,nearby_search,,,2025-07-28,1.00
89,ソルトトレーニングスタジオ,その他,日本、〒711-0937 岡山県倉敷市児島稗田町１７０７,086-472-6011,http://www.sun-glow.biz/,34.500518,133.808886,,,,,OPERATIONAL,"point_of_interest, gym, establishment, health",,,nearby_search,,,2025-07-28,1.00
90,カーブス 岡南,Curves,日本、〒702-8056 岡山県岡山市南区築港新町１丁目７−３８ 小林ビル 2F,086-262-6684,https://www.curves.co.jp/gmb690/?s_id=90033,34.6074168,133.9376619,4.5,,,"月曜日: 10時00分～13時00分, 15時00分～19時00分; 火曜日: 10時00分～13時00分, 15時00分～19時00分; 水曜日: 10時00分～13時00分, 15時00分～19時00分; 木曜日: 10時00分～13時00分, 15時00分～19時00分; 金曜日: 10時00分～13時00分, 15時00分～19時00分; 土曜日: 10時00分～13時00分; 日曜日: 定休日",OPERATIONAL,"establishment, spa, gym, point_of_interest, health",,,nearby_search,,,2025-07-28,1.00
91,カーブス ハピータウン児島,Curves,日本、〒711-0921 岡山県倉敷市児島駅前２丁目３５ 天満屋ハピータウン児島店 3F,086-472-1810,https://www.curves.co.jp/gbp_2209tr_3490/?s_id=90912,34.46683610000001,133.8041478,4.1,,,"月曜日: 10時00分～13時00分, 15時00分～19時00分; 火曜日: 10時00分～13時00分, 15時00分～19時00分; 水曜日: 10時00分～13時00分, 15時00分～19時00分; 木曜日: 10時00分～13時00分, 15時00分～19時00分; 金曜日: 10時00分～13時00分, 15時00分～19時00分; 土曜日: 10時00分～13時00分; 日曜日: 定休日",OPERATIONAL,"gym, establishment, spa, point_of_interest, health",,,nearby_search,,,2025-07-28,1.00
92,ノリトレング,その他,日本、〒702-8038 岡山県岡山市南区松浜町１５−３７,090-8713-2736,http://nori-treng-studio.com/,34.6133364,133.9401973,4.8,,,月曜日: 11時30分～22時00分; 火曜日: 11時30分～22時00分; 水曜日: 11時30分～22時00分; 木曜日: 11時30分～22時00分; 金曜日: 11時30分～20時30分; 土曜日: 12���30分～22時30分; 日曜日: 定休日,OPERATIONAL,"establishment, health, point_of_interest, gym",,,nearby_search,,,2025-07-28,1.00
93,岡山市総合文���体育館,その他,日本、〒702-8024 岡山県岡山市南区浦安南町４９３−２,086-263-7474,https://www.okayama-park.or.jp/sougoubunka/,34.6002327,133.9158223,4,,,月曜日: 8時30分～21時00分; 火曜日: 定休日; 水曜日: 8時30分～21時00分; 木曜日: 8時30分～21時00分; 金曜日: 8時30分～21時00分; 土曜日: 8時30分～21時00分; 日曜日: 8時30分～21時00分,OPERATIONAL,"establishment, gym, point_of_interest, health",,,nearby_search,,,2025-07-28,1.00
94,フィットイージー 倉敷児島店,その他,日本、〒711-0906 岡山県倉敷市児島下の町２丁目１６−１５９３−２３,086-486-1858,https://fiteasy.jp/okayama-kurashikikojima/?utm_medium=google&utm_source=google_business_profile,34.4713861,133.8227513,4.6,,,月曜日: 24 時間営業; 火曜日: 24 時間営業; 水曜日: 24 時間営業; 木曜日: 24 時間営業; 金曜日: 24 時間営業; 土曜日: 24 時間営業; 日曜日: 24 時間営業,OPERATIONAL,"spa, gym, health, point_of_interest, establishment",,,nearby_search,,,2025-07-28,1.00
95,てみると,その他,日本、〒711-0906 岡山県倉敷市児島下の町４丁目１３−４６,086-474-3367,https://hirohouse.com/,34.4837607,133.8169791,,,,月曜日: 9時00分～20時00分; 火曜日: 9時00分～20時00分; 水曜日: 9時00分～20時00分; 木曜日: 9時00分～20時00分; 金曜日: 9時00分～20時00分; 土曜日: 9時00分～20時00分; 日曜日: 定休日,OPERATIONAL,"point_of_interest, gym, health, establishment",,,nearby_search,,,2025-07-28,1.00
96,中山公園 体育館,その他,日本、〒711-0912 岡山県倉敷市児島小川町２８３１ 倉敷市中山公園体育館,086-472-6060,http://www.city.kurashiki.okayama.jp/4708.htm,34.480818,133.810153,4,,,月曜日: 8時30分～19時00分; 火曜日: 8時30分～19時00分; 水曜日: 8時30分～19時00分; 木曜日: 8時30分～19時00分; 金曜日: 8時30分～19時00分; 土曜日: 8時30分～19時00分; 日曜日: 8時30分～19時00分,OPERATIONAL,"establishment, point_of_interest, health, gym",,,nearby_search,,,2025-07-28,1.00
97,ジュエル整骨院,その他,日本、〒702-8024 岡山県岡山市南区浦安南町４６３−１,080-6240-8689,https://ameblo.jp/xxx-jewel-xxx/themetop.html,34.5996402,133.9233951,5,,,月曜日: 10時00分～21時00分; 火曜日: 10時00分～21時00分; 水曜日: 定休日; 木曜日: 10時00分～21時00分; 金曜日: 10時00分～21時00分; 土曜日: 10時00分～21時00分; 日曜日: 10時00分～21時00分,OPERATIONAL,"point_of_interest, store, gym, establishment, health, shoe_store",,,nearby_search,,,2025-07-28,1.00
98,笠岡総合体育館,その他,日本、〒714-0054 岡山県笠岡市平成町６３−２,0865-69-6622,https://www.city.kasaoka.okayama.jp/soshiki/44/2590.html,34.5021873,133.4882453,4.2,,,月曜日: 9時00分～21時00分; 火曜日: 9時00分～21時00分; 水曜日: 9時00分～21時00分; 木曜日: 9時00分～21時00分; 金曜日: 9時00分～21時00分; 土曜日: 9時00分～21時00分; 日曜日: 9時00分～21時00分,OPERATIONAL,"point_of_interest, gym, establishment, health",,,nearby_search,,,2025-07-28,1.00
99,スポーツクラブＥＮＪＯＹ笠岡,その他,日本、〒714-0041 岡山県笠岡市入江１８１,0865-69-7066,http://www.enjoysc.jp/tenpo/index.php?c=tenpo_view&pk=3,34.490512,133.526176,3.6,,,月曜日: 10時00分～21時00分; 火曜日: 定休日; 水曜日: 10時00分～21時00分; 木曜日: 10時00分～21時00分; 金曜日: 10時00分～21時00分; 土曜日: 10時00���～21時00分; 日曜日: 10時00分～17時00分,OPERATIONAL,"health, point_of_interest, gym, establishment",,,nearby_search,,,2025-07-28,1.00
100,カーブス 岡山笠岡,Curves,日本、〒714-0081 岡山県笠岡市笠岡１０６−３４,0865-60-0211,https://www.curves.co.jp/gmb690/?s_id=91209,34.4992028,133.518621,4.3,,,"月曜日: 10時00分～13時00分, 15時00分～19時00分; 火曜日: 10時00分～13時00分, 15時00分～19時00分; 水曜日: 10時00分～13時00分, 15時00分～19時00分; 木曜日: 10時00分～13時00分, 15時00分～19時00分; 金曜日: 10時00分～13時00分, 15時00分～19時00分; 土曜日: 10時00分～13時00分; 日曜日: 定休日",OPERATIONAL,"health, spa, point_of_interest, gym, establishment",,,nearby_search,,,2025-07-28,1.00
101,ミズノウエルネス笠岡,その他,日本、〒714-0054 岡山県笠岡市平成町６３−２,0865-66-5280,https://www.mizuno.jp/facility/okayama/mizunowellness-kasaoka/,34.502172,133.488281,3.7,,,月曜日: 9時00分～21時00分; 火曜日: 9時00分～21時00分; 水曜日: 9時00分～21時00分; 木曜日: 9時00分～21時00分; 金曜日: 9時00分～21時00分; 土曜日: 9時00分～21時00分; 日曜日: 定休日,OPERATIONAL,"health, establishment, point_of_interest, gym",,,nearby_search,,,2025-07-28,1.00
102,おかやまスポーツクラブ虹（特定非営利活動法人）,その他,日本、〒714-0081 岡山県笠岡市笠岡５２４３,0865-75-0230,,34.50851,133.505902,,,,,OPERATIONAL,"gym, health, establishment, point_of_interest",,,nearby_search,,,2025-07-28,1.00
103,フィットイージー 笠岡店,その他,日本、〒714-0081 岡山県笠岡市笠岡５０７−５３,0865-60-0820,https://fiteasy.jp/okayama-kasaoka/?utm_medium=google&utm_source=google_business_profile,34.4995216,133.513874,4.4,,,月曜日: 24 時間営業; 火曜日: 24 時間営業; 水曜日: 24 時間営業; 木曜日: 24 時間営業; 金曜日: 24 時間営業; 土曜日: 24 時間営業; 日曜日: 24 時間営業,OPERATIONAL,"establishment, health, point_of_interest, spa, gym",,,nearby_search,,,2025-07-28,1.00
104,笠岡市 市民体育センター,その他,日本、〒714-0095 岡山県笠岡市八番町１−９,0865-63-1031,,34.494534,133.519852,3.6,,,月曜日: 9時00分～21時00分; 火曜日: 9時00分～21時00分; 水曜日: 9時00分～21時00分; 木曜日: 9時00分～21時00分; 金曜日: 9時00分～21時00分; 土曜日: 9時00分～21時00分; 日曜日: 9時00分～21時00分,OPERATIONAL,"health, establishment, gym, point_of_interest",,,nearby_search,,,2025-07-28,1.00
105,ノーリミッツ 岡山,その他,日本、〒719-0302 岡山県浅口郡里庄町新庄２９１７−１ 山こやビル 2階,0865-61-4742,https://nolimits-gym-okayama.com/,34.5056785,133.5504398,4.5,,,月曜日: 14時00分～23時00分; 火曜日: 14時00分～23時00分; 水曜日: 14時00分～23時00分; 木曜日: 定休日; 金曜日: 14時00分～23時00分; 土曜日: 12時00分～18時00分; 日曜日: 10時00分～18時00分,OPERATIONAL,"point_of_interest, gym, health, establishment",,,nearby_search,,,2025-07-28,1.00
106,シャープ福山スポーツセンター,その他,日本、〒721-0924 広島県福山市大門町旭１,050-5433-8225,http://kenpo.sharp.co.jp/home/top/health_promotion/sports_fukuyama.html,34.5017778,133.4546809,3.8,,,月曜日: 12時30分～21時00分; 火曜日: 12時30分～21時00分; 水曜日: 12時30分～21時00分; 木曜日: 12時30分～21時00分; 金曜日: 12時30分～21時00分; 土曜日: 定休日; 日曜日: 定休日,OPERATIONAL,"health, gym, point_of_interest, establishment",,,nearby_search,,,2025-07-28,1.00
107,Smile Inn Yoga（スマイル イン ヨガ）,その他,日本、〒719-0301 岡山県浅口郡里庄町里見２６６３−３,080-9137-4334,https://www.instagram.com/laughing_buddha_cafe?igsh=MWR2N2o0OWZ0NzIw&utm_source=qr,34.5145001,133.559917,,,,月曜日: 定休日; 火曜日: 9時45分～17時00分; 水曜日: 定休日; 木曜日: 定休日; 金曜日: 定休日; 土曜日: 定休日; 日曜日: 定休日,OPERATIONAL,"gym, health, establishment, point_of_interest",,,nearby_search,,,2025-07-28,1.00
108,浅口市勤労者��育センター,その他,日本、〒719-0243 岡山県浅口市鴨方町鴨方２２４４−６,0865-44-7002,,34.531797,133.583763,3,,,,OPERATIONAL,"health, point_of_interest, gym, establishment",,,nearby_search,,,2025-07-28,1.00
109,フクツーけんこうプラザ,その他,日本、〒721-0942 広島県福山市引野町２丁目４−２０ 福山通運健康保険組合保険会館,084-924-2012,,34.497988,133.415721,5,,,月曜日: 9時00分～17時00分; 火曜日: 9時00分～17時00分; 水曜日: 9時00分～17時00分; 木曜日: 9時00分～17時00分; 金曜日: 9時00分～17時00分; 土曜日: 定休日; 日曜日: 定休日,OPERATIONAL,"health, gym, establishment, point_of_interest",,,nearby_search,,,2025-07-28,1.00
110,パーソナルトレーニングジムWAKE,その他,日本、〒721-0942 広島県福山市引野町３丁目２３−６,084-959-5092,https://www.wakegym.jp/,34.4929894,133.412789,4.8,,,月曜日: 10時00分～22時15分; 火曜日: 10時00分～22時15分; 水曜日: 10時00分～22時15分; 木曜日: 10時00分～22時15分; 金曜日: 10時00分～22時15分; 土曜日: 10時00分～22時15分; 日曜日: 定休日,OPERATIONAL,"health, gym, point_of_interest, establishment",,,nearby_search,,,2025-07-28,1.00
111,カーブス ハローズ東福山,Curves,日本、〒721-0942 広島県福山市引野町３丁目３５−１１,084-941-2294,https://www.curves.co.jp/gmb690/?s_id=91777,34.4898051,133.4108412,4.9,,,"月曜日: 10時00分～13時00分, 15時00分～19時00分; 火曜日: 10時00分～13時00分, 15時00分～19時00分; 水曜日: 10時00分～13時00分, 15時00分～19時00分; 木曜日: 10時00分～13時00分, 15時00分～19時00分; 金曜日: 10時00分～13時00分, 15時00分～19時00分; 土曜日: 10時00分～13時00分; 日曜日: 定休日",OPERATIONAL,"gym, point_of_interest, establishment, health, spa",,,nearby_search,,,2025-07-28,1.00
112,井原市立 井原体育館,その他,日本、〒715-0021 岡山県井原市上出部町１６７１−１,0866-63-0444,https://www.city.ibara.okayama.jp/soshiki/38/1590.html,34.588484,133.46264,3.8,,,,OPERATIONAL,"establishment, point_of_interest, gym, health",,,nearby_search,,,2025-07-28,1.00
113,スポーツクラブ＆サウナ ルネサンス 福山春日24,その他,日本、〒721-0907 広島県福山市春日町５丁目１７−１３,084-945-1777,https://www.s-re.jp/fukuyama-kasuga/?utm_source=google&utm_medium=gMybusiness,34.5031835,133.4061977,3.7,,,月曜日: 24 時間営業; 火曜日: 24 時間営業; 水曜日: 24 時間営業; 木曜日: 0時00分～22時30分; 金曜日: 定休日; 土曜日: 10時00分～0時00分; 日曜日: 24 時間営業,OPERATIONAL,"gym, establishment, health, point_of_interest",,,nearby_search,,,2025-07-28,1.00
114,アシスト24浅口里庄店,その他,日本、〒719-0301 岡山県浅口郡里庄町里見４３２５−１,0865-64-7588,https://24fitness-assist.com/asaguchi,34.5207024,133.5749417,4.4,,,月曜日: 24 時間営業; 火曜日: 24 時間営業; 水曜日: 24 時間営業; 木曜日: 24 時間営業; 金曜日: 24 時間営業; 土曜日: 24 時間営業; 日曜日: 24 時間営業,OPERATIONAL,"point_of_interest, health, spa, establishment, gym",,,nearby_search,,,2025-07-28,1.00
115,chocoZAP福山大門,その他,日本、〒721-0926 広島県福山市大門町４丁目１５−４７ 大門町店舗 1F,,https://chocozap.jp/?utm_source=googlemap&utm_campaign=googlemap&utm_term=fukuyamadaimon&utm_content=choco0249&utm_medium=googlemap,34.4908957,133.4397798,3.3,,,月曜日: 24 時間営業; 火曜日: 24 時間営業; 水曜日: 24 時間営業; 木曜日: 24 時間営業; 金曜日: 24 時間営業; 土曜日: 24 時間営業; 日曜日: 24 時間営業,OPERATIONAL,"health, establishment, gym, spa, point_of_interest",,,nearby_search,,,2025-07-28,1.00
116,カーブス ハピータウン鴨方,Curves,日本、〒719-0252 岡山県浅口市鴨方町六条院中２１２８−１,0865-44-0300,https://www.curves.co.jp/gmb690/?s_id=92142,34.5238424,133.5824672,4.6,,,"月曜日: 10時00分～13時00分, 15時00分～19時00���; 火曜日: 10時00分～13時00分, 15時00分～19時00分; 水曜日: 10時00分～13時00分, 15時00分～19時00分; 木曜日: 10時00分～13時00分, 15時00分～19時00分; 金曜日: 10時00分～13時00分, 15時00分～19時00分; 土曜日: 10時00分～13時00分; 日曜日: 定休日",OPERATIONAL,"establishment, health, spa, point_of_interest, gym",,,nearby_search,,,2025-07-28,1.00
117,JFEスチール体育館,その他,日本、〒721-0927 広島県福山市大門町津之下１５９４,084-945-3148,,34.4805755,133.4300677,2.8,,,月曜日: 24 時間営業; 火曜日: 24 時間営業; 水曜日: 24 時間営業; 木曜日: 24 時間営業; 金曜日: 24 時間営業; 土曜日: 24 時間営業; 日曜日: 24 時間営業,OPERATIONAL,"point_of_interest, gym, establishment, health",,,nearby_search,,,2025-07-28,1.00
118,ヨガスタジオravi｜福山店,その他,日本、〒721-0953 広島県福山市一文字町２４−１ 福山コロナワールド 2F,,https://www.yogastudio-ravi.com/,34.465553,133.4065434,3.7,,,月曜日: 10時00分～21時00分; 火曜日: 10時00分～21時00分; 水曜日: 10時00分～21時00分; 木曜日: 10時00分～21時00分; 金曜日: 10時00分～21時00分; 土曜日: 定休日; 日曜日: 定休日,OPERATIONAL,"gym, point_of_interest, health, establishment",,,nearby_search,,,2025-07-28,1.00
119,たく整骨院,その他,日本、〒715-0021 岡山県井原市上出部町５７３,0866-62-8080,http://www.taku-seikotu.com/,34.5934536,133.4654288,4.5,,,"月曜日: 9時00分～12時30分, 15時00分～19時00分; 火曜日: 定休日; 水曜日: 9時00分～12時30分, 15時00分～19時00分; 木曜日: 9時00分～12時30分, 15時00分～19時00分; 金曜日: 9時00分～12時30分, 15時00分～19時00分; 土曜日: 9時00分～12時30分, 15時00分～19時00分; 日曜日: 9時00分～12時00分",OPERATIONAL,"establishment, gym, health, point_of_interest",,,nearby_search,,,2025-07-28,1.00
120,ジャザサイズ福山南手城フィットネスセンター,その他,日本、〒721-0963 広島県福山市南手城町４丁目１０−５,090-2864-3021,https://m.facebook.com/jazzercise.fukuyama.minamiteshiro/,34.4823447,133.3970377,4.8,,,,OPERATIONAL,"gym, establishment, point_of_interest, health",,,nearby_search,,,2025-07-28,1.00
121,カーブス ゆめタウン井原,Curves,日本、〒715-0022 岡山県井原市下出部町２丁目１１−２ ゆめタウン井原店 2F,0866-67-3411,https://www.curves.co.jp/gmb690/?s_id=91647,34.5832405,133.4396446,4.7,,,"月曜日: 10時00分～13時00分, 15時00分～19時00分; 火曜日: 10時00分～13時00分, 15時00分～19時00分; 水曜日: 10時00分～13時00分, 15時00分～19時00分; 木曜日: 10時00分～13時00分, 15時00分～19時00分; 金曜日: 10時00分～13時00分, 15時00分～19時00分; 土曜日: 10時00分～13時00分; 日曜日: 定休日",OPERATIONAL,"point_of_interest, gym, spa, establishment, health",,,nearby_search,,,2025-07-28,1.00
122,Ｃ−ｐｏｗｅｒ,その他,日本、〒721-0975 広島県福山市西深津町２丁目１３−１４,084-982-8985,https://c-power.info/,34.4968578,133.3802977,5,,,月曜日: 9時00分～20時00分; 火曜日: 9時00分～20時00分; 水曜日: 9時00分～20時00分; 木曜日: 9時00分～20時00分; 金曜日: 9時00分～20時00分; 土曜日: 9時00分～20時00分; 日曜日: 定休日,OPERATIONAL,"establishment, health, gym, point_of_interest",,,nearby_search,,,2025-07-28,1.00
123,エニタイムフィットネス 福山新涯店,エニタイムフィットネス,日本、〒721-0955 広島県福山市新涯町３丁目２０−３,084-920-2577,http://www.anytimefitness.co.jp/shingai/,34.461646,133.3914947,3.8,,,月曜日: 24 時間営業; 火曜日: 24 時間営業; 水曜日: 24 時間営業; 木曜日: 24 時間営業; 金曜日: 24 時間営業; 土曜日: 24 時間営業; 日曜日: 24 時間営業,OPERATIONAL,"health, gym, spa, point_of_interest, establishment",,,nearby_search,,,2025-07-28,1.00
124,カーブス 新涯,Curves,日本、〒721-0958 広島県福山市西新涯町２丁目２２−３,084-954-2294,https://www.curves.co.jp/gbp_2209tr_3490/?s_id=90789,34.4573275,133.3840544,4.2,,,"月曜日: 10時00分～13時00分, 15時00分～19時00分; 火曜��: 10時00分～13時00分, 15時00分～19時00分; 水曜日: 10時00分～13時00分, 15時00分～19時00分; 木曜日: 10時00分～13時00分, 15時00分～19時00分; 金曜日: 10時00分～13時00分, 15時00分～19時00分; 土曜日: 10時00分～13時00分; 日曜日: 定休日",OPERATIONAL,"spa, point_of_interest, gym, establishment, health",,,nearby_search,,,2025-07-28,1.00
125,ファシオール スタジオ/バレエ・ヨガ,その他,日本、〒720-0802 広島県福山市松浜町３丁目７−４２,084-927-5848,https://facior.jp/salons/honten/studio/,34.4795681,133.3751011,4.7,,,月曜日: 10時00分～20時15分; 火曜日: 10時00分～21時00分; 水曜日: 10時00分～20時30分; 木曜日: 10時00分～20時15分; 金曜日: 10時00分～20時30分; 土曜日: 10時00分～19時15分; 日曜日: 10時00分～19時00分,OPERATIONAL,"gym, health, point_of_interest, establishment",,,nearby_search,,,2025-07-28,1.00
126,ホットヨガスタジオCOCONOHA福山店,その他,日本、〒721-0958 広島県福山市西新涯町２丁目１７−２４,084-954-0680,http://coconoha-yoga.com/,34.4589818,133.381833,4.8,,,"月曜日: 9時00分～12時30分, 18時00分～21時30分; 火曜日: 9時00分～12時30分, 18時00分～21時30分; 水曜日: 9時00分～12時30分, 18時00分～21時30分; 木曜日: 9時00分～12時30分, 18時00分～21時30分; 金曜日: 9時00分～12時30分, 19時30分～21時30分; 土曜日: 9時00分～14時30分; 日曜日: 9時00分～14時30分",OPERATIONAL,"point_of_interest, gym, health, establishment",,,nearby_search,,,2025-07-28,1.00
127,なお整骨院,その他,日本、〒720-0072 広島県福山市吉津町１２−１８,084-925-6007,http://nao-seikotuin.jimdo.com/,34.4967137,133.3681353,4.9,,,月曜日: 9時00分～21時30分; 火曜日: 9時00分～21時30分; 水曜日: 9時00分～21時30分; 木曜日: 9時00分～21時30分; 金曜日: 9時00分～21時30分; 土曜日: 定休日; 日曜日: 定休日,OPERATIONAL,"health, gym, establishment, point_of_interest",,,nearby_search,,,2025-07-28,1.00
128,Sahasrara yoga studio サハスララヨガスタジオ,その他,"日本、〒720-2124 広島県福山市神辺町川南1304-1, 203",,https://www.sahasrara-yoga.com/,34.532437,133.3697938,3,,,,OPERATIONAL,"establishment, point_of_interest, gym, health",,,nearby_search,,,2025-07-28,1.00
129,井原市芳井健康増進福祉施設ASUWA,その他,日本、〒714-2111 岡山県井原市芳井町吉井３９９６,0866-72-9781,https://information.konamisportsclub.jp/trust/asuwa/,34.6245434,133.4332455,3.9,,,月曜日: 10時00分～22時00分; 火曜日: 10時00分～22時00分; 水曜日: 10時00分～22時00分; 木曜日: 10時00分～22時00分; 金曜日: 定休日; 土曜日: 10時00分～20時00分; 日曜日: 10時00分～20時00分,OPERATIONAL,"health, point_of_interest, establishment, gym",,,nearby_search,,,2025-07-28,1.00
130,ノリノリや,その他,日本、〒715-0006 岡山県井原市西江原町１８５６−２,080-6253-5577,https://www.nolinoliya.com/,34.59848,133.47386,,,,,OPERATIONAL,"point_of_interest, health, establishment, gym",,,nearby_search,,,2025-07-28,1.00
131,フィットネスジムシャイン,その他,日本、〒715-0022 岡山県井原市下出部町２丁目9−１６,070-8953-4007,https://fitnessgymshine.com/okayama,34.5833219,133.4412087,5,,,月曜日: 7時00分～1時00分; 火曜日: 7時00分～1時00分; 水曜日: 7時00分～1時00分; 木曜日: 7時00分～1時00分; 金曜日: 7時00分～1時00分; 土曜日: 7時00分～1時00分; 日曜日: 7時00分～1時00分,OPERATIONAL,"health, gym, point_of_interest, establishment",,,nearby_search,,,2025-07-28,1.00
132,井原市 芳井体育館,その他,日本、〒714-2111 岡山県井原市芳井町吉井１６７５,0866-72-0919,,34.630179,133.425818,3.5,,,,OPERATIONAL,"point_of_interest, health, establishment, gym",,,nearby_search,,,2025-07-28,1.00
133,フレッシュフィットネス24福山神辺店,その他,日本、〒720-2117 広島県福山市神辺町下御領８０８,084-967-5353,https://fresh-fitness24.com/,34.5635372,133.3970291,4.6,,,月曜日: 24 時間営業; 火曜日: 24 時間営業; 水曜日: 24 時間営業; 木曜日: 24 時間営業; 金曜日: 24 時間営業; 土曜日: 24 時間営業; 日曜日: 24 時間営業,OPERATIONAL,"establishment, health, point_of_interest, gym",,,nearby_search,,,2025-07-28,1.00
134,Studio TAIKA 福山市のマシンピラティススタジオ,その他,日本、〒720-2122 広島県福山市神辺町新湯野28−６,,https://studio.taika-fukuyama.com/,34.5591029,133.3894795,5,,,月曜日: 9時30分～19時00分; 火曜日: 9時30分～19時00分; 水曜日: 9時30分～19時00分; 木曜日: 定休日; 金曜日: 9時30分～19時00分; 土曜日: 9時30分～19時00分; 日曜日: 9時30分～19時00分,OPERATIONAL,"point_of_interest, health, establishment, gym, physiotherapist",,,nearby_search,,,2025-07-28,1.00
135,24/7ピラティス 福山店,その他,日本、〒720-2122 広島県福山市神辺町新湯野25−８,,https://real-pilates.jp/lp/rp/md/md_ad_cam_mn_off_fukuyama_2505/?utm_source=googmybu&utm_medium=organic&utm_campaign=fukuyama,34.5562364,133.3883665,,,,月曜日: 8時00分～21時00���; 火曜日: 8時00分～21時00分; 水曜日: 8時00分～21時00分; 木曜日: 8時00分～21時00分; 金曜日: 8時00分～21時00分; 土曜日: 8時00分～21時00分; 日曜日: 8時00分～21時00分,OPERATIONAL,"establishment, point_of_interest, health, gym",,,nearby_search,,,2025-07-28,1.00
136,24/7FIT／ワークアウト 福山店,その他,日本、〒720-2122 広島県福山市神辺町新湯野25−８,,,34.5562364,133.3883665,,,,月曜日: 7時00分～0時00分; 火曜日: 7時00分～0時00分; 水曜日: 7時00分～0時00分; 木曜日: 7時00分～0時00分; 金曜日: 7時00分～0時00分; 土曜日: 7時00分～0時00分; 日曜日: 7時00分～0時00分,OPERATIONAL,"establishment, point_of_interest, gym, health",,,nearby_search,,,2025-07-28,1.00
137,KSTR,その他,日本、〒720-2122 広島県福山市神辺町新湯野74−１８,084-967-5013,,34.5530466,133.3889341,,,,,OPERATIONAL,"gym, health, establishment, point_of_interest",,,nearby_search,,,2025-07-28,1.00
138,完全個室で24時間通えるジムFOUND福山神辺店,その他,日本、〒720-2121 広島県福山市神辺町湯野376番地1-6,084-999-6476,https://found-gym.jp/shop/kannabe,34.5483806,133.3819668,5,,,月曜日: 24 時間営業; 火曜日: 24 時間営業; 水曜日: 24 時間営業; 木曜日: 24 時間営業; 金曜日: 24 時間営業; 土曜日: 24 時間営業; 日曜日: 24 時間営業,OPERATIONAL,"spa, health, gym, establishment, point_of_interest",,,nearby_search,,,2025-07-28,1.00
139,スポーツクラブ フィッタ神辺,その他,日本、〒720-2107 広島県福山市神辺町新道上 2丁目10−26,0120-240-142,https://www.fitta.jp/kannabe/?utm_source=google&utm_medium=maps,34.5447501,133.3571912,3.7,,,月曜日: 24 時間営業; 火曜日: 24 時間営業; 水曜日: 24 時間営業; 木曜日: 定休日; 金曜日: 24 時間営業; 土曜日: 24 時間営業; 日曜日: 24 時間営業,OPERATIONAL,"point_of_interest, gym, health, establishment, spa",,,nearby_search,,,2025-07-28,1.00
140,カーブス 神辺モール,Curves,日本、〒720-2123 広島県福山市神辺町川北１４３５,084-963-1005,https://www.curves.co.jp/gmb690/?s_id=91145,34.5428599,133.3640859,4.5,,,"月曜日: 10時00分～13時00分, 15時00分～19時00分; 火曜日: 10時00分～13時00分, 15時00分～19時00分; 水曜日: 10時00分～13時00分, 15時00分～19時00分; 木曜日: 10時00分～13時00分, 15時00分～19時00分; 金曜日: 10時00分～13時00分, 15時00分～19時00分; 土曜日: 10時00分～13時00分; 日曜日: 定休日",OPERATIONAL,"gym, point_of_interest, spa, health, establishment",,,nearby_search,,,2025-07-28,1.00
141,キッズスクール フィッタ神辺,その他,日本、〒720-2107 広島県福山市神辺町新道上 2丁目10-26,0120-240-142,https://www.fitta.jp/kannabe/kids/?utm_source=google&utm_medium=maps,34.5434113,133.3584304,4.2,,,月曜日: 9時00分～23時00分; 火曜日: 9時00分～23時00分; 水曜日: 9時00分～23時00分; 木曜日: 定休日; 金曜日: 9時00分～23時00分; 土曜日: 9時00分～20時00分; 日曜日: 9時00分～20時00分,OPERATIONAL,"point_of_interest, establishment, gym, health",,,nearby_search,,,2025-07-28,1.00
142,カーブス 岡山総社,Curves,日本、〒719-1126 岡山県総社市総社１０００−１ アクロスプラザ総社 1F,0866-95-2111,https://www.curves.co.jp/gmb690/?s_id=91399,34.6761248,133.7600007,4.4,,,"月曜日: 10時00分～13時00分, 15時00分～19時00分; 火曜日: 10時00分～13時00分, 15時00分～19時00分; 水曜日: 10時00分～13時00分, 15時00分～19時00分; 木曜日: 10時00分～13時00分, 15時00分～19時00分; 金曜日: 10時00分～13時00分, 15時00分～19時00分; 土曜日: 10時00分～13時00分; 日曜日: 定休日",OPERATIONAL,"health, establishment, gym, spa, point_of_interest",,,nearby_search,,,2025-07-28,1.00
143,OSKスポーツクラブ総社,その他,日本、〒719-1156 岡山県総社市門田３８１,0866-94-0888,https://bit.ly/3nZ3DFr,34.6772316,133.7404172,3.5,,,月曜日: 9時00分～21時30分; 火曜日: 定休日; 水曜日: 9時00分～21時30分; 木曜日: 9時00分～21時30分; 金曜日: 9時00分～21時30分; 土曜日: 9時00分～21時30分; 日曜日: 9時00分～18時00分,OPERATIONAL,"establishment, gym, spa, health, point_of_interest",,,nearby_search,,,2025-07-28,1.00
144,【パーソナルピラティス】ELEMENT（エレメント）総社店,その他,日本、〒719-1131 岡山県総社市中央１丁目２−１０８,0866-33-0301,https://element-gym.com/element-top/pilates/,34.6728236,133.7442716,5,,,月曜日: 9時00分～22時00分; 火曜日: 9時00分～22時00分; 水曜日: 9時00分～22時00分; 木曜日: 9時00分～22時00分; 金曜日: 9時00分～22時00分; 土曜日: 9時00分～18時00分; 日曜日: 9時00分～18時00分,OPERATIONAL,"gym, health, establishment, point_of_interest",,,nearby_search,,,2025-07-28,1.00
145,インドアゴルフクラブ総社,その他,日本、〒719-1131 岡山県総社市中央１丁目２−１０８,,,34.6728162,133.7442472,,,,月曜日: 6時00分���22時00分; 火曜日: 6時00分～22時00分; 水曜日: 6時00分～22時00分; 木曜日: 6時00分～22時00分; 金曜日: 6時00分～22時00分; 土曜日: 6時00分～22時00分; 日曜日: 6時00分～22時00分,OPERATIONAL,"point_of_interest, health, gym, establishment",,,nearby_search,,,2025-07-28,1.00
146,nichigetsu,その他,日本、〒719-1131 岡山県総社市中央２丁目１９−１３,0866-33-9153,https://www.instagram.com/nichigetsu_circle/,34.6751215,133.7447213,,,,,OPERATIONAL,"health, establishment, point_of_interest, gym",,,nearby_search,,,2025-07-28,1.00
147,goodyee グーディー,その他,日本、〒719-1131 岡山県総社市中央１丁目５−３０ モリヤビル ２F,0866-33-9045,https://goodyeejapan.wixsite.com/website,34.6729426,133.7429676,5,,,月曜日: 9時30分～17時00分; 火曜日: 9時30分～17時00分; 水曜日: 9時30分～17時00分; 木曜日: 9時30分～17時00分; 金曜日: 9時30分～17時00分; 土曜日: 9時30分～17時00分; 日曜日: 定休日,OPERATIONAL,"gym, spa, establishment, point_of_interest, health",,,nearby_search,,,2025-07-28,1.00
148,chocoZAP総社,その他,日本、〒719-1136 岡山県総社市駅前２丁目５−５ 新世紀観光第二ビル 1F,,https://chocozap.jp/?utm_source=googlemap&utm_campaign=googlemap&utm_term=soja&utm_content=choco0247&utm_medium=googlemap,34.6729739,133.7403536,3.2,,,月曜日: 24 時間営業; 火曜日: 24 時間営業; 水曜日: 24 時間営業; 木曜日: 24 時間営業; 金曜日: 24 時間営業; 土曜日: 24 時間営業; 日曜日: 24 時間営業,OPERATIONAL,"health, gym, point_of_interest, establishment",,,nearby_search,,,2025-07-28,1.00
149,ＮＢＭＡ極真空手・岡山「総社道場」,その他,日本、〒719-1134 岡山県総社市真壁４２３−１,086-232-9000,https://nbma-okayama.jp/info/sojya/,34.6662243,133.7482876,,,,月曜日: 10時00分～22時00分; 火曜日: 10時00分～22時00分; 水曜日: 10時00分～22時00分; 木曜日: 10時00分～22時00分; 金曜日: 10時00分～22時00分; 土曜日: 10時00分～22時00分; 日曜日: 10時00分～19時30分,OPERATIONAL,"gym, point_of_interest, health, establishment",,,nearby_search,,,2025-07-28,1.00
150,整体・鍼灸・エステ・ピラティス studio508/鍼灸整骨院508-konoha-,その他,日本、〒719-1125 岡山県総社市井手１５１−１,0866-90-0508,http://508konoha.com/,34.6711591,133.7571551,4.4,,,月曜日: 9時00分～20時00分; 火曜日: 定休日; 水曜日: 9時00分～20時00分; 木曜日: 9時00分～20時00分; 金曜日: 9時00分～20���00分; 土曜日: 9時00分～20時00分; 日曜日: 9時00分～20時00分,OPERATIONAL,"health, beauty_salon, gym, point_of_interest, establishment",,,nearby_search,,,2025-07-28,1.00
151,キビジム,その他,日本、〒719-1126 岡山県総社市総社１０３５−１,0866-31-5900,https://kibigym.jp/,34.6767034,133.7589003,5,,,月曜日: 24 時間営業; 火曜日: 24 時間営業; 水曜日: 24 時間営業; 木曜日: 24 時間営業; 金曜日: 24 時間営業; 土曜日: 24 時間営業; 日曜日: 24 時間営業,OPERATIONAL,"health, point_of_interest, gym, spa, establishment",,,nearby_search,,,2025-07-28,1.00
152,総社子供運動教室 508base & KARADA Academy［キッズダンス/1-6歳知育運動教室/貸スタジオ］studio508第2スタジオ,その他,日本、〒719-1134 岡山県総社市真壁１３９９,,https://www.instagram.com/soja_athletic508/,34.6671079,133.733465,5,,,月曜日: 10時00分～17時00分; 火曜日: 10時00分～17時00分; 水曜日: 10時00分～17時00分; 木曜日: 10時00分～17時00分; 金曜日: 10時00分～17時00分; 土曜日: 10時00分～17時00分; 日曜日: 10時00分～17時00分,OPERATIONAL,"health, point_of_interest, gym, establishment",,,nearby_search,,,2025-07-28,1.00
153,W-FIT24 総社店,その他,日本、〒719-1125 岡山県総社市井手１０４９−１,0866-94-8155,https://w-fit24.jp/soja/,34.6776349,133.7658374,4.2,,,月曜日: 24 時間営業; 火曜日: 24 時間営業; 水曜日: 24 時間営業; 木曜日: 24 時間営業; 金曜日: 24 時間営業; 土曜日: 24 時間営業; 日曜日: 24 時間営業,OPERATIONAL,"health, gym, establishment, point_of_interest",,,nearby_search,,,2025-07-28,1.00
154,カーブス 真備ニシナ,Curves,日本、〒710-1313 岡山県倉敷市真備町川辺２１３２,086-697-1555,https://www.curves.co.jp/gbp_2209tr_3490/?s_id=91875,34.6386917,133.7148278,4.6,,,"月曜日: 10時00分～13時00分, 15時00分～19時00分; 火��日: 10時00分～13時00分, 15時00分～19時00分; 水曜日: 10時00分～13時00分, 15時00分～19時00分; 木曜日: 10時00分～13時00分, 15時00分～19時00分; 金曜日: 10時00分～13時00分, 15時00分～19時00分; 土曜日: 10時00分～13時00分; 日曜日: 定休日",OPERATIONAL,"establishment, spa, gym, point_of_interest, health",,,nearby_search,,,2025-07-28,1.00
155,SpopFitness,その他,日本、〒716-0035 岡山県高梁市栄町１９４３−１,0866-56-1881,https://www.spopfitness.com/,34.7897615,133.6153983,5,,,月曜日: 10時00分～20時00分; 火曜日: 定休日; 水曜日: 10時00分～20時00分; 木曜日: 10時00分～20時00分; 金曜日: 10時00分～20時00分; 土曜日: 10時00分～20時00分; 日曜日: 10時00分～18時00分,OPERATIONAL,"establishment, point_of_interest, health, gym",,,nearby_search,,,2025-07-28,1.00
156,Nima Gym,その他,日本、〒716-0011 岡山県高梁市本町４１−１,0866-56-1125,https://nimagym0809.wixsite.com/website,34.79673,133.6157273,5,,,,CLOSED_TEMPORARILY,"point_of_interest, gym, health, establishment",,,nearby_search,,,2025-07-28,1.00
157,スタジオかりめぇら駐車場,その他,日本、〒716-0004 岡山県高梁市内山下,,,34.8113051,133.6169356,,,,,OPERATIONAL,"establishment, point_of_interest, gym, health",,,nearby_search,,,2025-07-28,1.00
158,カーブス ゆめタウン高梁,Curves,日本、〒716-0061 岡山県高梁市落合町阿部１７００ ゆめタウン高梁 2F,0866-23-1702,https://www.curves.co.jp/gmb690/?s_id=90626,34.7770083,133.5880825,3.3,,,"月曜日: 10時00分～13時00分, 15時00分～19時00分; 火曜日: 10時00分～13時00分, 15時00分～19時00分; 水曜日: 10時00分～13時00分, 15時00分～19時00分; 木曜日: 10時00分～13時00分, 15時00分～19時00分; 金曜日: 10時00分～13時00分, 15時00分～19時00分; 土曜日: 10時00分～13時00分; 日曜日: 定休日",OPERATIONAL,"health, point_of_interest, gym, establishment, spa",,,nearby_search,,,2025-07-28,1.00
159,成羽体育館,その他,日本、〒716-0121 岡山県高梁市成羽町成羽２２５１−１,,,34.7860571,133.5316451,,,,,OPERATIONAL,"establishment, gym, point_of_interest, health",,,nearby_search,,,2025-07-28,1.00
160,河川敷 夏キャンプ,その他,日本、〒716-1311 岡山県高梁市巨瀬町 VJ8X+4M,,,34.8653045,133.6492322,,,,,OPERATIONAL,"gym, establishment, point_of_interest, health",,,nearby_search,,,2025-07-28,1.00
161,高梁市有漢体育館,その他,日本、〒716-1321 岡山県高梁市有漢町有漢３３８７,0866-57-3200,https://www.city.takahashi.lg.jp/site/kyouikuiinkai/sports1.html,34.9040237,133.6635792,2.5,,,月曜日: 8時30分～17時15分; 火曜日: 8時30分～17時15分; 水曜日: 8時30分～17時15分; 木曜日: 8時30分～17時15分; 金曜日: 8時30分～17時15分; 土曜日: 定休日; 日曜日: 定休日,OPERATIONAL,"health, gym, point_of_interest, establishment",,,nearby_search,,,2025-07-28,1.00
162,新見市民運動公園 新見市民体育館,その他,日本、〒718-0002 岡山県新見市下熊谷２２−２,0867-72-7389,https://www.city.niimi.okayama.jp/kurashi/kurashi_detail/index/20.html,34.997997,133.465458,4,,,月曜日: 8時15分～21時00分; 火曜日: 8時15分～21時00分; 水曜日: 8時15分～21時00分; 木曜日: 8時15分～21時00分; 金曜日: 8時15分～21時00分; 土曜日: 8時15分～21時00分; 日曜日: 8時15分～17時00分,OPERATIONAL,"point_of_interest, gym, health, establishment",,,nearby_search,,,2025-07-28,1.00
163,げんき広場にいみ,その他,日本、〒718-0005 岡山県新見市上市１５−１,0867-71-2168,http://ray-sports.jp/genki_web/,35.0048568,133.439027,4.2,,,月曜日: 定休日; 火曜日: 9時30分～22時00分; 水曜日: 9時30分～22時00分; 木曜日: 9時30分～22時00分; 金曜日: 9時30分～21時00分; 土曜日: 9時30分～21時00分; 日曜日: 9時30分～18時00分,OPERATIONAL,"point_of_interest, establishment, gym, health",,,nearby_search,,,2025-07-28,1.00
164,カーブス にいみプラザ,Curves,日本、〒718-0003 岡山県新見市高尾２４７７−１ にいみショッピングプラザ 2F,0867-71-5008,https://www.curves.co.jp/gmb690/?s_id=92063,34.9888826,133.4613952,4.8,,,"月曜日: 10時00分～13時00分, 15���00分～19時00分; 火曜日: 10時00分～13時00分, 15時00分～19時00分; 水曜日: 10時00分～13時00分, 15時00分～19時00分; 木曜日: 10時00分～13時00分, 15時00分～19時00分; 金曜日: 10時00分～13時00分, 15時00分～19時00分; 土曜日: 10時00分～13時00分; 日曜日: 定休日",OPERATIONAL,"point_of_interest, spa, establishment, health, gym",,,nearby_search,,,2025-07-28,1.00
165,Qualityof Life,その他,日本、〒718-0003 岡山県新見市高尾２４６５−８,090-2008-7268,,34.990323,133.4579432,5,,,月曜日: 10時00分～15時00分; 火曜日: 10時00分～12時00分; 水曜日: 10時00分～12時00分; 木曜日: 10時00分～12時00分; 金曜日: 10時00分～12時00分; 土曜日: 定休日; 日曜日: 定休日,OPERATIONAL,"point_of_interest, gym, health, establishment",,,nearby_search,,,2025-07-28,1.00
166,新見市民運動公園体育館・管理事務所,その他,日本、〒718-0002 岡山県新見市下熊谷２２−２,0867-72-7389,https://www.city.niimi.okayama.jp/kurashi/kurashi_detail/index/20,34.9980704,133.4656088,4.7,,,,OPERATIONAL,"establishment, health, point_of_interest, gym",,,nearby_search,,,2025-07-28,1.00
167,哲西トレーニングルーム,その他,日本、〒719-3812 岡山県新見市哲西町畑木１５８９−３,,,34.9212486,133.3282113,,,,月曜日: 18時30分～20時30分; 火曜日: 定休日; 水曜日: 18時30分～20時30分; 木曜日: 定休日; 金曜日: 18時30分～20時30分; 土曜日: 定休日; 日曜日: 定休日,OPERATIONAL,"point_of_interest, gym, health, establishment",,,nearby_search,,,2025-07-28,1.00
168,テツジム岡山,その他,日本、〒705-0035 岡山県備前市木谷２２０−３,090-1359-1901,https://ameblo.jp/ttgmokym,34.7632076,134.2225856,5,,,月曜日: 18時30分～21時00分; 火曜日: 18時30分～21時00分; 水曜日: 18時30分～21時00分; 木曜日: 18時30分～21時00分; 金曜日: 18時30分～21時30分; 土曜日: 17時30分���20時00分; 日曜日: 定休日,OPERATIONAL,"gym, health, establishment, point_of_interest",,,nearby_search,,,2025-07-28,1.00
169,備前市吉永B&G海洋センター,その他,日本、〒709-0224 岡山県備前市吉永町吉永中２９１−４,0869-84-3776,https://www.bgf.or.jp/center/0043.html,34.810775,134.2110692,3.8,,,月曜日: 17時00分～21時00分; 火曜日: 9時00分～21時00分; 水曜日: 9時00分～21時00分; 木曜日: 9時00分～21時00分; 金曜日: 9時00分～21時00分; 土曜日: 9時00分～21時00分; 日曜日: 9時00分～17時00分,OPERATIONAL,"point_of_interest, health, gym, establishment",,,nearby_search,,,2025-07-28,1.00
170,カルチャースタジオ・Likeit,その他,日本、〒701-3204 岡山県備前市日生町日生１６５４−１,0869-92-4323,http://likeit-hinase.com/,34.7320737,134.2594113,3.5,,,月曜日: 11時00分～23時00分; 火曜日: 11時00分～23時00分; 水曜日: 11時00分～23時00分; 木曜日: 11時00分～23時00分; 金曜日: 11時00分～23時00分; 土曜日: 定休日; 日曜日: 定休日,OPERATIONAL,"gym, health, point_of_interest, establishment",,,nearby_search,,,2025-07-28,1.00
171,私のＧｙｍ（セルフトレーニングスペース）,その他,日本、〒709-0441 岡山県和気郡和気町衣笠９４２,090-3174-3474,https://miho-sukkiri.com/mygym/,34.7988025,134.154328,5,,,,OPERATIONAL,"health, gym, establishment, point_of_interest",,,nearby_search,,,2025-07-28,1.00
172,MIKISUTAビジョントレーニングスクール,その他,日本、〒701-3204 岡山県備前市日生町日生６１１−２９,090-4893-5647,https://mikisuta.com/,34.7333317,134.2716703,5,,,月曜日: 20時00分～21時00分; 火曜日: 定休日; 水曜日: 20時00分～21時00分; 木曜日: 定休日; 金曜日: 20時00分～21時00分; 土曜日: 13時00分～20時00分; 日曜日: 定休日,OPERATIONAL,"health, point_of_interest, establishment, gym",,,nearby_search,,,2025-07-28,1.00
173,瀬戸内ブルーシャインズ屋内練習場,その他,日本、〒701-4262 岡山県瀬戸内市長船町東須恵１３７３−３,,http://setouchi-gbbc.com/,34.6847807,134.1436537,5,,,,OPERATIONAL,"point_of_interest, health, gym, establishment",,,nearby_search,,,2025-07-28,1.00
174,テツジム 瀬戸内,その他,日本、〒701-4276 岡山県瀬戸内市長船町服部３９７−１,,,34.7130017,134.106302,5,,,,OPERATIONAL,"point_of_interest, gym, health, establishment",,,nearby_search,,,2025-07-28,1.00
175,備前市日生運動公園体育館,その他,日本、〒701-3202 岡山県備前市日生町寒河３８０−３６,0869-72-2226,http://bzshisetsu.justhpbs.jp/hinasemain.html,34.7394059,134.2947748,3.6,,,月曜日: 定休日; 火曜日: 9時00分～20時30分; 水曜日: 9時00分～20時30分; 木曜日: 9時00分～20時30分; 金曜日: 9時00分～20時30分; 土曜日: 9時00分～20時30分; 日曜日: 9時00分～20時30分,OPERATIONAL,"point_of_interest, gym, health, establishment",,,nearby_search,,,2025-07-28,1.00
176,カーブス 邑久ゆめタウン,Curves,日本、〒701-4221 岡山県瀬戸内市邑久町尾張２６８,0869-22-5252,https://www.curves.co.jp/gbp_2209tr_3490/?s_id=91683,34.6665202,134.0931837,4.5,,,"月曜日: 10時00分～13時00分, 15時00分～19時00分; 火曜日: 10時00分～13時00分, 15時00分～19時00分; 水曜日: 10時00分～13時00分, 15時00分～19時00分; 木曜日: 10時00分～13時00分, 15時00分～19時00分; 金曜日: 10時00分～13時00分, 15時00分～19時00分; 土曜日: 10時00分～13時00分; 日曜日: 定休日",OPERATIONAL,"point_of_interest, gym, spa, establishment, health",,,nearby_search,,,2025-07-28,1.00
177,アクロポート フィットネスラブ・スイミングスクール,その他,日本、〒709-0855 岡山県岡山市東区瀬戸町沖３３３,086-952-2855,http://www.acro.co.jp/,34.7192582,134.0442972,3.8,,,月曜日: 10時00分～21時20分; 火曜日: 10時00分～21時20分; 水曜日: 10時00分～21時20分; 木曜日: 10時00分～21時20分; 金曜日: 10時00分～21時20分; 土曜日: 10時00分～18時00分; 日曜日: 10時00分～18時00分,OPERATIONAL,"gym, health, point_of_interest, establishment",,,nearby_search,,,2025-07-28,1.00
178,ヨガ&たいわ『あうん』,その他,日本、〒701-4265 岡山県瀬戸内市長船町福岡７４４−１,,https://aum-yoga-taiwa.amebaownd.com/,34.7054493,134.0889352,5,,,,OPERATIONAL,"establishment, point_of_interest, health, school, gym",,,nearby_search,,,2025-07-28,1.00
179,テツジム滑飛一家,その他,日本、〒709-0704 岡山県赤磐市沢原１６１６−４,,https://tetsujimu-sanyou.jimdo.com/,34.8006384,134.0895312,5,,,月曜日: 18時30分～21時30分; 火曜日: 18時30分～21時30分; 水曜日: 18時30分～21時30分; 木曜日: 18時30分～21時30分; 金曜日: 18時30分～21時30分; 土曜日: 18時30分～21時30分; 日曜日: ���休日,OPERATIONAL,"health, establishment, gym, point_of_interest",,,nearby_search,,,2025-07-28,1.00
180,スポーツランド,その他,日本、〒678-1254 兵庫県赤穂郡上郡町高山,,,34.8292285,134.2705223,3,,,,OPERATIONAL,"point_of_interest, health, gym, establishment",,,nearby_search,,,2025-07-28,1.00
181,村田フットサル,その他,日本、〒701-4241 岡山県瀬戸内市邑久町福元２１２−３,,https://corporate.murata.com/ja-jp/group/okayamamurata/welfare,34.6771033,134.0783757,4,,,,OPERATIONAL,"point_of_interest, establishment, health, gym",,,nearby_search,,,2025-07-28,1.00
182,Evol Gym,その他,日本、〒709-0631 岡山県岡山市東区東平島１０６ 1階,086-201-7228,https://www.evolgym.com/,34.7060026,134.0542483,5,,,月曜日: 24 時間営業; 火曜日: 24 時間営業; 水曜日: 24 時間営業; 木曜日: 24 時間営業; 金曜日: 24 時間営業; 土曜日: 24 時間営業; 日曜日: 24 時間営業,OPERATIONAL,"establishment, gym, point_of_interest, health",,,nearby_search,,,2025-07-28,1.00
183,和気町B&G海洋センター,その他,日本、〒709-0521 岡山県和気郡和気町父井原２１１０−３,0869-93-3592,https://www.bgf.or.jp/center/0323.html,34.8452991,134.1113138,2.5,,,,OPERATIONAL,"health, establishment, gym, point_of_interest",,,nearby_search,,,2025-07-28,1.00
184,カーブス 平島ザ・ビッグ,Curves,日本、〒709-0631 岡山県岡山市東区東平島１００１−１,086-297-2626,https://www.curves.co.jp/gbp_2209tr_3490/?s_id=91495,34.7173635,134.0466983,4.6,,,"月曜日: 10時00分～13時00分, 15時00分～19時00分; 火曜日: 10時00分～13時00分, 15時00分～19時00分; 水曜日: 10時00分～13時00分, 15時00分～19時00分; 木曜日: 10時00分～13時00分, 15時00分～19時00分; 金曜日: 10時00分～13時00分, 15時00分～19時00分; 土曜日: 10時00分～13時00分; 日曜日: 定休日",OPERATIONAL,"point_of_interest, health, spa, gym, establishment",,,nearby_search,,,2025-07-28,1.00
185,コンディショニングスタジオリバース,その他,日本、〒709-0632 岡山県岡山市東区南古都４４０−７,070-9200-2467,https://rebirthys.wixsite.com/bodymakegymrebirth,34.7069321,134.04971,,,,月曜日: 9時00分～21時00分; 火曜日: 9時00分～21時00分; 水曜日: 9時00分～21時00分; 木曜日: 9時00分～21時00分; 金曜日: 9時00分～21時00分; 土曜日: 9時00分～21時00分; 日曜日: 9時00分～21時00分,OPERATIONAL,"health, point_of_interest, establishment, gym",,,nearby_search,,,2025-07-28,1.00
186,【パーソナルピラティス】ELEMENT(エレメント)赤磐・瀬戸店,その他,日本、〒709-0855 岡山県岡山市東区瀬戸町沖１１９,086-201-2247,https://element-gym.com/element-top/pilates/,34.722843,134.04364,5,,,"月曜日: 9時00分～13時00分, 15時00分～22時00分; 火曜日: 9時00分～13時00分, 15時00分～22時00分; 水曜日: 9時00分～13時00分, 15時00分～22時00分; 木曜日: 9時00分～13時00分, 15時00分～22時00分; 金曜日: 9時00分～13時00分, 15時00分～22時00分; 土曜日: 9時00分～18時00分; 日曜日: 9時00分～18時00分",OPERATIONAL,"gym, establishment, health, point_of_interest",,,nearby_search,,,2025-07-28,1.00
187,シンバジム,その他,日本、〒709-0632 岡山県岡山市東区南古都４６８−１ ヒカリマンション 103,080-3888-4826,https://www.simbagym13.com/,34.7051624,134.0478944,5,,,月曜日: 10時00分～21時00分; 火曜日: 10時00分～21時00分; 水曜日: 10時00分～21時00分; 木曜日: 10時00分～21時00分; 金曜日: 10時00分～21時00分; 土曜日: 10時00分～21時00分; 日曜日: 10時00分～21時00分,OPERATIONAL,"gym, establishment, health, point_of_interest",,,nearby_search,,,2025-07-28,1.00
188,ピラティススタジオ アオハル,その他,日本、〒704-8192 岡山県岡山市東区西大寺中野本町１０−３６,090-5370-3015,https://yoga-pilates-aoharu.jimdofree.com/,34.653807,134.0302777,5,,,月曜日: 定休日; 火曜日: 10時00分～18時00分; 水曜日: 10時00分～18時00分; 木曜日: 10時00分～18時00分; 金曜日: 10時00分～18時00分; 土曜日: 9時00分～18時00分; 日曜日: 定休日,OPERATIONAL,"health, gym, establishment, point_of_interest",,,nearby_search,,,2025-07-28,1.00
189,Liberal Box Gym,その他,日本、〒704-8191 岡山県岡山市東区西大寺中野５０１−１,090-7508-3228,https://higashi-okayama.mypl.net/shop/00000376720/,34.6563081,134.0268851,5,,,月曜日: 17時00分～21時00分; 火曜日: 17時00分～21時00分; 水曜日: 17時00分～21時00分; 木曜日: 17時00分～21時00分; 金曜日: 17時00分～21時00分; 土曜日: 17時00分～21時00分; 日曜日: 9時00分～11時00分,OPERATIONAL,"establishment, health, gym, point_of_interest",,,nearby_search,,,2025-07-28,1.00
190,カーブス 西大寺Ａコープ,Curves,日本、〒704-8191 岡山県岡山市東区西大寺中野３８８−２,086-944-6060,https://www.curves.co.jp/gbp_2209tr_3490/?s_id=91210,34.6523713,134.0265316,4,,,"月曜日: 10時00分～13時00分, 15時00分～19時00分; 火曜日: 10時00分～13時00分, 15時00分～19時00分; 水曜日: 10時00分～13時00分, 15時00分～19時00分; 木曜日: 10時00分～13時00分, 15時00分～19時00分; 金曜日: 10時00分～13時00分, 15時00分～19時00分; 土曜日: 10時00分～13時00分; 日曜日: 定休日",OPERATIONAL,"point_of_interest, establishment, spa, health, gym",,,nearby_search,,,2025-07-28,1.00
191,オールウェイズフィットネスジム,その他,日本、〒704-8183 岡山県岡山市東区西大寺松崎２４８−２０,086-238-8988,http://always24hfitness.com/,34.6617463,134.0138379,4,,,月曜日: 24 時間営業; 火曜日: 24 時間営業; 水曜日: 24 時間営業; 木曜日: 24 時間営業; 金曜日: 24 時間営業; 土曜日: 24 時間営業; 日曜日: 24 時間営業,OPERATIONAL,"health, gym, point_of_interest, establishment",,,nearby_search,,,2025-07-28,1.00
192,フィットネスジム Kokoro,その他,日本、〒704-8173 岡山県岡山市東区可知４丁目１,,,34.6551731,134.0023617,,,,,OPERATIONAL,"gym, establishment, point_of_interest, health",,,nearby_search,,,2025-07-28,1.00
193,BLOSSOM整骨院,その他,日本、〒704-8176 岡山県岡山市東区中川町３１６−４,086-230-0678,https://okayama-blossom.com/,34.66320460000001,134.0014997,5,,,"月曜日: 定休日; 火曜日: 9時30分～13時00分, 15時30分���20時00分; 水曜日: 9時30分～13時00分, 15時30分～20時00分; 木曜日: 9時30分～13時00分, 15時30分～20時00分; 金曜日: 9時30分～13時00分, 15時30分～20時00分; 土曜日: 9時30分～13時00分, 15時30分～18時00分; 日曜日: 9時30分～13時00分",OPERATIONAL,"establishment, health, point_of_interest, gym",,,nearby_search,,,2025-07-28,1.00
194,エニタイムフィットネス 岡山益野店,エニタイムフィットネス,日本、〒704-8175 岡山県岡山市東区益野町１５−１ 1F 2F,086-206-6922,https://www.anytimefitness.co.jp/okayamamasuno/,34.6587268,133.9971228,3.8,,,月曜日: 24 時間営業; 火曜日: 24 時間営業; 水曜日: 24 時間営業; 木曜日: 24 時間営業; 金曜日: 24 時間営業; 土曜日: 24 時間営業; 日曜日: 24 時間営業,OPERATIONAL,"point_of_interest, gym, establishment, health",,,nearby_search,,,2025-07-28,1.00
195,GINA ジーナ ピラティス スタジオ,その他,日本、〒703-8261 岡山県岡山市中区海吉１７６８−４２ 2階,090-3194-9346,https://instagram.com/pilates_gina0422?igshid=ZDdkNTZiNTM=,34.6592894,133.9868005,5,,,月曜日: 9時00分～17時30分; 火曜日: 9時00分～17時30分; 水曜日: 9時00分～17時30分; 木曜日: 9時00分～17時30分; 金曜日: 9時00分～17時30分; 土曜日: 9時00分～17時30分; 日曜日: 9時00分～16時00分,OPERATIONAL,"health, point_of_interest, store, gym, establishment",,,nearby_search,,,2025-07-28,1.00
196,カーブス マルナカ平井,Curves,日本、〒703-8265 岡山県岡山市中区倉田６１１−１ マルナカ平井店 2F,086-276-5888,https://www.curves.co.jp/gmb690/?s_id=91461,34.6325737,133.9560635,4.4,,,"月曜日: 10時00分～13時00分, 15時00分～19���00分; 火曜日: 10時00分～13時00分, 15時00分～19時00分; 水曜日: 10時00分～13時00分, 15時00分～19時00分; 木曜日: 10時00分～13時00分, 15時00分～19時00分; 金曜日: 10時00分～13時00分, 15時00分～19時00分; 土曜日: 10時00分～13時00分; 日曜日: 定休日",OPERATIONAL,"establishment, health, gym, spa, point_of_interest",,,nearby_search,,,2025-07-28,1.00
197,ヴィハーラ ヘア＆ビューティライフサロン,その他,日本、〒703-8205 岡山県岡山市中区中井１丁目１７−１８,0120-679-888,https://beauty.hotpepper.jp/slnH000438612/,34.6837862,133.9619538,4.4,,,月曜日: 9時30分～19時00分; 火曜日: 9時30分～19時00分; 水曜日: 9時30分～19時00分; 木曜日: 9時30分～19時00分; 金曜日: 9時30分～19時00分; 土曜日: 9時30分～19時00分; 日曜日: 9時30分～19時00分,OPERATIONAL,"hair_care, point_of_interest, gym, health, establishment",,,nearby_search,,,2025-07-28,1.00
198,オーバルスポーツコム円山,その他,日本、〒703-8271 岡山県岡山市中区円山１２５−１,086-277-1100,http://www.oval-sports.com/,34.6543869,133.966035,3.8,,,月曜日: 9時30分～21時30分; 火曜日: 9時30分～21時30分; 水曜日: 9時30分～21時30分; 木曜日: 9時30分～21時30分; 金曜日: 9時30分～21時30分; 土曜日: 9時30分～21時30分; 日曜日: 9時30分～18時00分,OPERATIONAL,"gym, establishment, health, point_of_interest",,,nearby_search,,,2025-07-28,1.00
199,六番川水の公園体育館,その他,日本、〒704-8163 岡山県岡山市東区升田６１４−６４,086-948-4515,,34.616195,133.9986202,3.9,,,月曜日: 8時30分～21時00分; 火曜日: 定休日; 水曜日: 8時30分～21時00分; 木曜日: 8時30分～21時00分; 金曜日: 8時30分～21時00分; 土曜日: 8時30分���21時00分; 日曜日: 8時30分～21時00分,OPERATIONAL,"point_of_interest, establishment, gym, health",,,nearby_search,,,2025-07-28,1.00
200,JOYFIT24LITE 岡山高屋,Joyfit,日本、〒703-8233 岡山県岡山市中区高屋３０８−１,086-271-7790,http://joyfit.jp/okayamatakaya/,34.672465,133.966749,3.3,,,月曜日: 24 時間営業; 火曜日: 24 時間営業; 水曜日: 24 時間営業; 木曜日: 24 時間営業; 金曜日: 24 時間営業; 土曜日: 24 時間営業; 日曜日: 24 時間営業,OPERATIONAL,"establishment, health, gym, point_of_interest",,,nearby_search,,,2025-07-28,1.00
201,カーブス 赤磐山陽,Curves,日本、〒709-0816 岡山県赤磐市下市４７６−１,086-955-1101,https://www.curves.co.jp/gbp_2209tr_3490/?s_id=91571,34.7553698,134.0167325,4.5,,,"月曜日: 10時00分～13時00分, 15時00分～19時00分; 火曜日: 10���00分～13時00分, 15時00分～19時00分; 水曜日: 10時00分～13時00分, 15時00分～19時00分; 木曜日: 10時00分～13時00分, 15時00分～19時00分; 金曜日: 10時00分～13時00分, 15時00分～19時00分; 土曜日: 10時00分～13時00分; 日曜日: 定休日",OPERATIONAL,"point_of_interest, health, spa, establishment, gym",,,nearby_search,,,2025-07-28,1.00
202,ワールドプラスジム 岡山あかいわ店,その他,日本、〒709-0816 岡山県赤磐市下市４７７−１,086-958-5202,https://www.worldplus-gym.com/shop/okayama-akaiwa.html,34.7558044,134.0162327,4.5,,,月曜日: 24 時間営業; 火曜日: 24 時間営業; 水曜日: 24 時間営業; 木曜日: 24 時間営業; 金曜日: 24 時間営業; 土曜日: 24 時間営業; 日曜日: 24 時間営業,OPERATIONAL,"point_of_interest, gym, health, establishment",,,nearby_search,,,2025-07-28,1.00
203,Studio mayuRa,その他,日本、〒709-0802 岡山県赤磐市桜が丘西７丁目４−１,090-2116-9863,https://www.studio-mayura.jp/,34.7759633,134.0292829,5,,,,OPERATIONAL,"point_of_interest, health, gym, establishment",,,nearby_search,,,2025-07-28,1.00
204,環太平洋大学 アスリートホール TOPGUN,その他,日本、〒709-0863 岡山県岡山市東区瀬戸町観音寺７２１ アスリートホール 「Topgun」,,,34.7279977,134.0122851,4.7,,,月曜日: 6時00分～20時00分; 火曜日: 6時00分～20時00分; 水曜日: 6時00分～20時00分; 木曜日: 6時00分～20時00分; 金曜日: 6時00分～20時00分; 土曜日: 6時00分～20時00分; 日曜日: 6時00分～20時00分,OPERATIONAL,"establishment, health, point_of_interest, gym",,,nearby_search,,,2025-07-28,1.00
205,おおさかトレーニングルーム&からだほぐし(元:逢坂整骨院),その他,日本、〒701-2225 岡山県赤磐市山口５３４−２,086-957-3365,,34.7925792,133.9837477,5,,,月曜日: 9時00分～14時00分; 火曜日: 9時00分～14時00分; 水曜日: 9時00分～14時00分; 木曜日: 9時00分～14時00分; 金曜日: 9時00分～14時00分; 土曜日: 9時00分～14時00分; 日曜日: 定休日,OPERATIONAL,"establishment, gym, point_of_interest, health",,,nearby_search,,,2025-07-28,1.00
206,BodyCore. ボディコアひいろ,その他,日本、〒703-8204 岡山県岡山市中区雄町３１８−４,086-279-5679,https://bodycore-hiiro.com/,34.686314,133.9748094,4.7,,,月曜日: 8時30分～23時00分; 火曜日: 8時30分～23時00分; 水曜日: 8時30分～23時00分; 木曜日: 8時30分～23時00分; 金曜日: 8時30分～23時00分; 土曜日: 8時30分～23時00分; 日曜日: 8時30分～23時00分,OPERATIONAL,"establishment, beauty_salon, gym, health, point_of_interest",,,nearby_search,,,2025-07-28,1.00
207,ABC パーソナル ボディメイク スタジオ,その他,日本、〒703-8233 岡山県岡山市中区高屋３６０−９,086-237-9337,https://tsuiteru49.jp/shop/9,34.6765868,133.968941,4.5,,,"月曜日: 9時00分～13時45分, 17時00分～20時00分; 火曜日: 9時00分～13時45分, 17時00分～20時00分; 水曜日: 定休日; 木曜日: 9時00分～13時45分, 17時00分～20時00分; 金曜日: 9時00分～13時45分, 17時00分～20時00分; 土曜日: 9時00分～13時45分; 日曜日: 定休日",OPERATIONAL,"health, establishment, spa, gym, point_of_interest",,,nearby_search,,,2025-07-28,1.00
208,カーブス エブリイOkanaka津高,Curves,日本、〒701-1145 岡山県岡山市北区横井上８３−３ エブリイOkanaka津高 3F,086-253-1200,https://www.curves.co.jp/gmb690/?s_id=90122,34.6999372,133.9020853,4.8,,,"月曜日: 10時00分～13時00分, 15��00分～19時00分; 火曜日: 10時00分～13時00分, 15時00分～19時00分; 水曜日: 10時00分～13時00分, 15時00分～19時00分; 木曜日: 10時00分～13時00分, 15時00分～19時00分; 金曜日: 10時00分～13時00分, 15時00分～19時00分; 土曜日: 10時00分～13時00分; 日曜日: 定休日",OPERATIONAL,"health, spa, gym, establishment, point_of_interest",,,nearby_search,,,2025-07-28,1.00
209,OSKスポーツクラブ岡山 | OSKGYM 24 | OSK KIDS,その他,日本、〒700-0028 岡山県岡山市北区絵図町１−５０,086-252-3111,https://www.osk21.co.jp/,34.67570389999999,133.9205774,3.5,,,月曜日: 24 時間営業; 火曜日: 24 時間営業; 水曜日: 24 時間営業; 木曜日: 24 時間営業; 金曜日: 24 時間営業; 土曜日: 24 時間営業; 日曜日: 24 時間営業,OPERATIONAL,"health, establishment, spa, point_of_interest, gym",,,nearby_search,,,2025-07-28,1.00
210,OSKスポーツクラブ 藤原,その他,日本、〒703-8248 岡山県岡山市中区さい８４−１,086-271-1711,https://www.osk21.co.jp/fujiwara/,34.6811427,133.9484417,3.4,,,月曜日: 6時30分～21時30分; 火曜日: 定休日; 水曜日: 6時30分～21時30分; 木曜日: 6時30分～21時30分; 金曜日: 6時30分～21時30分; 土曜日: 6時30分～19時00分; 日曜日: 9時30分～19時00分,OPERATIONAL,"gym, establishment, point_of_interest, health",,,nearby_search,,,2025-07-28,1.00
211,コナミスポーツクラブ 岡山,コナミスポーツ,日本、〒700-0903 岡山県岡山市北区幸町１０−１,086-222-3911,https://information.konamisportsclub.jp/ksc/004028/,34.6607824,133.9205522,3.7,,,月曜日: 10時00分～23時00分; 火曜日: 定休日; 水曜日: 10時00分～23時00分; 木曜日: 10時00分～23時00分; 金曜日: 10時00分～23時00分; 土曜日: 10時00分～21時00分; 日曜日: 10時00分～18時00分,OPERATIONAL,"health, establishment, gym, point_of_interest",,,nearby_search,,,2025-07-28,1.00
212,真庭市勝山健康増進施設 水夢,その他,日本、〒717-0013 岡山県真庭市勝山１０２４,0867-44-7171,https://www.maniwa-sports.net/management/suimu/,35.0833385,133.7057089,3.6,,,月曜日: 10時00分～21時00分; 火曜日: 10時00分～21時00分; 水曜日: 10時00分～21時00分; 木曜日: 10時00分～21時00分; 金曜日: 10時00分～21時00分; 土曜日: 10時00分～21時00分; 日曜日: 10時00分～20時00分,OPERATIONAL,"point_of_interest, health, establishment, gym",,,nearby_search,,,2025-07-28,1.00
213,BADASS DEPO (要予約),その他,日本、〒719-3213 岡山県真庭市多田527ｰ2,080-5233-6429,https://www.instagram.com/badass_depo_42/,35.0805253,133.7547036,5,,,���曜日: 8時00分～23時00分; 火曜日: 8時00分～23時00分; 水曜日: 8時00分～23時00分; 木曜日: 8時00分～23時00分; 金曜日: 8時00分～23時00分; 土曜日: 8時00分～23時00分; 日曜日: 8時00分～23時00分,OPERATIONAL,"point_of_interest, health, gym, establishment",,,nearby_search,,,2025-07-28,1.00
214,白梅総合体育館,その他,日本、〒719-3145 岡山県真庭市西河内５８６−３,0867-52-5905,,35.0225068,133.7376053,3.6,,,月曜日: 8時30分～22時00分; 火曜日: 8時30分～22時00分; 水曜日: 8時30分～22時00分; 木曜日: 8時30分～22時00分; 金曜日: 8時30分～22時00分; 土曜日: 8時30分～22時00分; 日曜日: 8時30分～17時30分,OPERATIONAL,"gym, establishment, health, point_of_interest",,,nearby_search,,,2025-07-28,1.00
215,Fit Body Design,その他,日本、〒717-0013 岡山県真庭市勝山５０−１,080-7705-5317,https://www.fitbody-d.com/,35.0871675,133.6905276,5,,,月���日: 7時00分～23時00分; 火曜日: 7時00分～23時00分; 水曜日: 7時00分～23時00分; 木曜日: 7時00分～23時00分; 金曜日: 7時00分～23時00分; 土曜日: 7時00分～23時00分; 日曜日: 7時00分～23時00分,OPERATIONAL,"establishment, gym, point_of_interest, health",,,nearby_search,,,2025-07-28,1.00
216,美作市農業者トレーニングセンター,その他,日本、〒701-2604 岡山県美作市福本６５５,0868-72-8818,https://www.city.mimasaka.lg.jp/soshiki/kikaku/sports/shisetsu/1456977008564.html,34.9328074,134.1233269,4,,,,OPERATIONAL,"point_of_interest, gym, health, establishment",,,nearby_search,,,2025-07-28,1.00
217,DAI conditioning room,その他,日本、〒709-4322 岡山県勝田郡勝央町太平台４１７−７,080-9795-7203,,35.0454819,134.1019792,,,,月曜日: 9時00分～17時00分; 火曜日: 9時00分～17時00分; 水曜日: 定休日; 木曜日: 9時00分～17時00分; 金曜日: 9時00分～17時00分; 土曜日: 定休日; 日曜日: 定休日,OPERATIONAL,"health, point_of_interest, gym, establishment",,,nearby_search,,,2025-07-28,1.00
218,ハイポキマイン柵原坑道,その他,日本、〒708-1527 岡山県久米郡美咲町柵原８０６−１,0868-62-1111,https://www.town.misaki.okayama.jp/soshiki/sangyoukankou/70.html,34.9521296,134.0652648,,,,月曜日: 8時30分～17時15分; 火曜日: 8時30分～17時15分; 水曜日: 8時30分～17時15分; 木曜日: 8時30分～17時15分; 金曜日: 8時30分～17時15分; 土曜日: 8時30分～17時15分; 日曜日: 8時30分～17時15分,OPERATIONAL,"point_of_interest, gym, establishment, health",,,nearby_search,,,2025-07-28,1.00
219,大芦高原体育館,その他,日本、〒701-2614 岡山県美作市上山,0868-74-2585,https://unkai-onsen.com/facilities/,34.8895528,134.1282118,5,,,,OPERATIONAL,"point_of_interest, gym, health, establishment",,,nearby_search,,,2025-07-28,1.00
220,ゴールドジム 津山岡山,Gold's Gym,日本、〒708-0842 岡山県津山市河辺 濱田844-1 ユーズボウル内1F,0868-35-3553,https://goldsgym-tuyama.com/,35.0621435,134.0489206,4.7,,,月曜日: 10時00分～23時00分; 火曜日: 10時00分～23時00分; 水曜日: 10時00分～23時00分; 木曜日: 10時00分～23時00分; 金曜日: 10時00分～23時00分; 土曜日: 10時00分～21時00分; 日曜日: 10時00分～20時00分,OPERATIONAL,"establishment, health, spa, point_of_interest, gym",,,nearby_search,,,2025-07-28,1.00
221,メンズ・カーブス イオン津山,Curves,日本、〒708-0842 岡山県津山市河辺１０００−１,0868-26-8300,https://www.curves.co.jp/mens-gbp-website/?s_id=97010,35.064618,134.0482232,4.8,,,"月曜日: 11時00分～13時00分, 15時00分～20時00分; 火曜日: 11時00分～13時00分, 15時00分～20時00分; 水曜日: 11時00分～13時00分, 15時00分～20時00分; 木曜日: 定休日; 金曜日: 11時00分～13時00分, 15時00分～20時00分; 土曜日: 10時00分～13時00分, 15時00分～17時00分; 日曜日: 定休日",OPERATIONAL,"gym, health, spa, point_of_interest, establishment",,,nearby_search,,,2025-07-28,1.00
222,ジャザサイズ津山フィットネスセンター,その他,日本、〒708-0842 岡山県津山市河辺１０７２−１,090-7544-3928,https://www.facebook.com/jazzercise.tsuyama/,35.0619473,134.0437887,4.6,,,,OPERATIONAL,"establishment, point_of_interest, health, gym",,,nearby_search,,,2025-07-28,1.00
223,江見ボクシングクラブ,その他,日本、〒708-0843 岡山県津山市国分寺２−１０,0868-26-8885,http://emiboxing.com/,35.057284,134.037409,5,,,月曜日: 17時00分～21時00分; 火曜日: 17時00分～21時00分; 水曜日: 17時00分～21時00分; 木曜日: 17時00分～21時00分; 金曜日: 17時00分～21時00分; 土曜日: 17時00分～21時00分; 日曜日: 定休日,OPERATIONAL,"establishment, point_of_interest, health, gym",,,nearby_search,,,2025-07-28,1.00
224,津山市東部小体育館,その他,日本、〒708-1117 岡山県津山市草加部,,,35.0995334,134.0727391,4.3,,,,OPERATIONAL,"health, gym, point_of_interest, establishment",,,nearby_search,,,2025-07-28,1.00
225,奈義町立体育館・武道館,その他,日本、〒708-1311 岡山県勝田郡奈義町久常２２３−１,0868-36-2236,,35.121174,134.179997,4,,,,CLOSED_TEMPORARILY,"establishment, point_of_interest, gym, health",,,nearby_search,,,2025-07-28,1.00
226,KKS 金光国際射撃場,その他,日本、〒719-0104 岡山県浅口市金光町占見新田２１２−１４,,,34.5393816,133.6150706,,,,,OPERATIONAL,"health, point_of_interest, establishment, gym",,,nearby_search,,,2025-07-28,1.00
227,整体・美容鍼・ピラティス Moveact金光店,その他,日本、〒719-0104 岡山県浅口市金光町占見新田２８３−１,080-9825-9742,https://moveact.net/konkou/?utm_source=GMapKonkou&utm_medium=GMapKonkou,34.5414111,133.6177709,5,,,月曜日: 9時00分～21時00分; 火曜日: 9時00分～21時00分; 水曜日: 9時00分～21時00分; 木曜日: 9時00分～21時00分; 金曜日: 9時00分～21時00分; 土曜日: 9時00分～21時00分; 日曜日: 9時00分～21時00分,OPERATIONAL,"gym, health, point_of_interest, establishment",,,nearby_search,,,2025-07-28,1.00
228,パーソナルトレーニングスタジオ紡,その他,日本、〒719-0105 岡山県浅口市金光町占見１５６２−２,090-6744-7354,https://tsumugu-pts.com/,34.5458252,133.6197344,5,,,月曜日: 8時00分～22時00分; 火曜日: 8時00分～22時00分; 水曜日: 8時00分～22時00分; 木曜日: 8時00分～22時00分; 金曜日: 8時00分～22時00分; 土曜日: 8時00分～22時00分; 日曜日: 8時00分～22時00分,OPERATIONAL,"point_of_interest, health, gym, establishment",,,nearby_search,,,2025-07-28,1.00
229,スポーツクラブ＆サウナ ルネサンス 玉島24,その他,日本、〒713-8102 岡山県倉敷市玉島７４５,086-522-7666,https://www.s-re.jp/tamashima/?utm_source=google&utm_medium=gMybusiness,34.5480388,133.6842461,3.6,,,月曜日: 24 時間営業; 火曜日: 24 時間営業; 水曜日: 24 時間営業; 木曜日: 0時00分～23時00分; 金曜日: 定休日; 土曜日: 7時00分～0時00分; 日曜日: 24 時間営業,OPERATIONAL,"gym, point_of_interest, health, establishment",,,nearby_search,,,2025-07-28,1.00
230,整体・美容鍼・ピラティス Moveact玉島店,その他,日本、〒713-8122 岡山県倉敷市玉島中央町３丁目911−１８６ 2F,,https://moveact.net/,34.5438065,133.6703422,5,,,月曜日: 9時00分～17時00分; 火曜日: 9時00分～17時00分; 水曜日: 9時00分～17時00分; 木曜日: 9時00分～17時00分; 金曜日: 9時00分～21時00分; 土曜日: 定休日; 日曜日: 定休日,OPERATIONAL,"establishment, health, gym, point_of_interest, spa",,,nearby_search,,,2025-07-28,1.00
231,倉敷市 玉島の森体育館,その他,日本、〒713-8103 岡山県倉敷市玉島乙島８２５５−１,086-526-5369,http://www.city.kurashiki.okayama.jp/dd.aspx?menuid=5051,34.5179426,133.6803634,3.5,,,月曜日: 6時00分～22時00分; 火曜日: 6時00分～22時00分; 水曜日: 6時00分～22時00分; 木曜日: 6時00分～22時00分; 金曜日: 6時00分～22時00分; 土曜日: 6時00分～22時00分; 日曜日: 6時00分～22時00分,OPERATIONAL,"point_of_interest, gym, health, establishment",,,nearby_search,,,2025-07-28,1.00
232,PUMP UP,その他,日本、〒713-8103 岡山県倉敷市玉島乙島７２９３−５,090-8998-9137,https://www.instagram.com/pumpup_kazuya/,34.5322918,133.681029,5,,,月曜日: 10時00分～20時00分; 火曜日: 10時00分～20時00分; 水曜日: 10時00分～20時00分; 木曜日: 10時00分～20時00分; 金曜日: 10時00分～20時00分; 土曜日: 定休日; 日曜日: 定休日,OPERATIONAL,"establishment, gym, health, point_of_interest",,,nearby_search,,,2025-07-28,1.00
233,FIVE STAR,その他,日本、〒713-8103 岡山県倉敷市玉島乙島９６８０−９,090-5378-4481,https://www.instagram.com/5ivestar.gym,34.5357237,133.6828102,5,,,月曜日: 8時00分～23時00分; 火曜日: 8時00分～23時00分; 水曜日: 8時00分～23時00分; 木曜日: 8時00分～23時00分; 金曜日: 8時00分～23時00分; 土曜日: 8時00分～23時00分; 日曜日: 8時00分～23時00分,OPERATIONAL,"establishment, health, point_of_interest, gym",,,nearby_search,,,2025-07-28,1.00
234,エニタイムフィットネス 岡山今店,エニタイムフィットネス,日本、〒700-0975 岡山県岡山市北区今２丁目１−２５,086-241-1505,https://www.anytimefitness.co.jp/okayamaima/,34.6500947,133.8970643,3.2,,,月曜日: 24 時間営業; 火曜日: 24 時間営業; 水曜日: 24 時間営業; 木曜日: 24 時間営業; 金曜日: 24 時間営業; 土曜日: 24 時間営業; 日曜日: 24 時間営業,OPERATIONAL,"gym, establishment, point_of_interest, health",,,nearby_search,,,2025-07-28,1.00
235,Fit Body Design津山院庄店,その他,日本、〒708-0014 岡山県津山市院庄９６０−１１,080-4752-0389,https://tsuyama-fitbody-d.com/,35.0607376,133.9517809,5,,,月曜日: 7時00分～23時00分; 火曜日: 7時00分～23時00分; 水曜日: 7時00分～23時00分; 木曜日: 7時00分～23時00分; 金曜日: 7時00分～23時00分; 土曜日: 7時00分～23時00分; 日曜日: 7時00分～23時00分,OPERATIONAL,"health, point_of_interest, gym, spa, establishment",,,nearby_search,,,2025-07-28,1.00
236,エニタイムフィットネス岡山バイパス妹尾店,エニタイムフィットネス,日本、〒701-0203 岡山県岡山市南区古新田１１２５ ２階,086-239-5275,https://www.anytimefitness.co.jp/okayamabypass-senoo/,34.6226275,133.8713931,4.1,,,月曜日: 24 時間営業; 火曜日: 24 時間営業; 水曜日: 24 時間営業; 木曜日: 24 時間営業; 金曜日: 24 時間営業; 土曜日: 24 時間営業; 日曜日: 24 時間営業,OPERATIONAL,"establishment, health, point_of_interest, gym",,,nearby_search,,,2025-07-28,1.00
237,エニタイムフィットネス 岡山原尾島店,エニタイムフィットネス,日本、〒703-8235 岡山県岡山市中区原尾島３丁目２−１１,086-230-3320,https://www.anytimefitness.co.jp/okayamaharao/?shop=201908,34.6706781,133.9451668,3.5,,,月曜日: 24 時間営業; 火曜日: 24 時間営業; 水曜日: 24 時間営業; 木曜日: 24 時間営業; 金曜日: 24 時間営業; 土曜日: 24 時間営業; 日曜日: 24 時間営業,OPERATIONAL,"health, gym, establishment, point_of_interest",,,nearby_search,,,2025-07-28,1.00
238,エニタイムフィットネス 岡山富田店,エニタイムフィットネス,日本、〒700-0936 岡山県岡山市北区富田５０８−３,086-238-9032,https://www.anytimefitness.co.jp/okayamatomita/?shop=201908,34.6378774,133.9183004,3.4,,,月曜日: 24 時間営業; 火曜日: 24 時間営業; 水曜日: 24 時間営業; 木曜日: 24 時間営業; 金曜日: 24 時間営業; 土曜日: 24 時間営業; 日曜日: 24 時間営業,OPERATIONAL,"gym, establishment, health, point_of_interest",,,nearby_search,,,2025-07-28,1.00
239,スポーツクラブアクトスWill_Gウエストランド,その他,日本、〒708-0013 岡山県津山市二宮７１,0868-20-1537,https://axtoslp.com/westland-lp/,35.0598363,133.9584974,4.8,,,月曜日: 10時00分～22時00分; 火曜日: 10時00分～22時00分; 水曜日: 10時00分～22時00分; 木曜日: 定休日; 金曜日: 10時00分～22時00分; 土��日: 10時00分～21時00分; 日曜日: 10時00分～18時00分,OPERATIONAL,"establishment, point_of_interest, gym, health",,,nearby_search,,,2025-07-28,1.00
240,エニタイムフィットネス 岡山福富店,エニタイムフィットネス,日本、〒702-8031 岡山県岡山市南区福富西２丁目１８−２３,086-236-7090,https://www.anytimefitness.co.jp/ofukutomi/?shop=201908,34.6222936,133.9296249,3.2,,,月曜日: 24 時間営業; 火曜日: 24 時間営業; 水曜日: 24 時間営業; 木曜日: 24 時間営業; 金曜日: 24 時間営業; 土曜日: 24 時間営業; 日曜日: 24 時間営業,OPERATIONAL,"point_of_interest, health, establishment, gym",,,nearby_search,,,2025-07-28,1.00
241,グローブスポーツドーム,その他,日本、〒708-0806 岡山県津山市大田５１２−５１２,0868-27-0080,https://www.globe2024.com/,35.0961474,134.0094117,4.2,,,月曜日: 9時00分～20時00分; 火曜日: 9時00分～20時00分; 水曜日: 9時00分～20時00分; 木曜日: 9時00分～20時00分; 金曜日: 9時00分～20時00分; 土曜日�: 9時00分～20時00分; 日曜日: 定休日,OPERATIONAL,"gym, establishment, cafe, food, point_of_interest, health",,,nearby_search,,,2025-07-28,1.00
242,フィットイージー 岡山今店,その他,日本、〒700-0975 岡山県岡山市北区今８丁目１４−１０１,086-250-6190,https://fiteasy.jp/okayama-ima/?utm_medium=google&utm_source=google_business_profile,34.6395842,133.892032,4.4,,,月曜日: 24 時間営業; 火曜日: 24 時間営業; 水曜日: 24 時間営業; 木曜日: 24 時間営業; 金曜日: 24 時間営業; 土曜日: 24 時間営業; 日曜日: 24 時間営業,OPERATIONAL,"gym, establishment, spa, health, point_of_interest",,,nearby_search,,,2025-07-28,1.00
243,ウエストラインフィットネス岡山津島店,その他,日本、〒700-0084 岡山県岡山市北区津島桑の木町５−２,086-250-9701,http://www.waistline.jp/,34.6873458,133.9118057,5,,,月曜日: 8時45分～20時00分; 火曜日: 8時45分～20時00分; 水曜日: 8時45分～20時00分; 木曜日: 8時45分～20時00分; 金曜日: 8時45分～20時00分; 土曜日: 8時45分～20時00分; 日曜日: 定休日,OPERATIONAL,"establishment, health, point_of_interest, spa, gym",,,nearby_search,,,2025-07-28,1.00
244,エニタイムフィットネス 倉敷中島店,エニタイムフィットネス,日本、〒710-0803 岡山県倉敷市中島２５２,086-441-6194,https://www.anytimefitness.co.jp/kurashikinakashima/?shop=201908,34.5852126,133.7408422,4.1,,,月曜日: 24 時間営業; 火曜日: 24 時間営業; 水曜日: 24 時間営業; 木曜日: 24 時間営業; 金曜日: 24 時間営業; 土曜日: 24 時間営業; 日曜日: 24 時間営業,OPERATIONAL,"establishment, point_of_interest, gym, health",,,nearby_search,,,2025-07-28,1.00
245,エニタイムフィットネス 倉敷連島店,エニタイムフィットネス,日本、〒712-8014 岡山県倉敷市連島中央１丁目９−６,086-441-7682,https://www.anytimefitness.co.jp/kurashikitsurajima/,34.5456755,133.7312204,3.5,,,月曜日: 24 時間営業; 火曜日: 24 時間営業; 水曜日: 24 時間営業; 木曜日: 24 時間営業; 金曜日: 24 時間営業; 土曜日: 24 時間営業; 日曜日: 24 時間営業,OPERATIONAL,"spa, health, gym, point_of_interest, establishment",,,nearby_search,,,2025-07-28,1.00
246,エニタイムフィットネス 倉敷福島店,エニタイムフィットネス,日本、〒710-0014 岡山県倉敷市黒崎２５−４,086-441-2768,https://www.anytimefitness.co.jp/kurashikifuku/,34.6042877,133.7867843,3.9,,,月曜日: 24 時間営業; 火曜日: 24 時間営業; 水曜日: 24 時間営業; 木曜日: 24 時間営業; 金曜日: 24 時間営業; 土曜日: 24 時間営業; 日曜日: 24 時間営業,OPERATIONAL,"point_of_interest, spa, establishment",,,nearby_search,,,2025-07-28,1.00
247,セントラルスポーツプラザ24岡山,セントラルスポーツ,日本、〒700-0981 岡山県岡山市北区西島田町８−１,086-805-2206,https://www.refco.ne.jp/okayama/,34.6575205,133.9074619,2.4,,,月曜日: 10時00分～22時30分; 火曜日: 10時00分～22時30分; 水曜日: 10時00分～22時30分; 木曜日: 定休日; 金曜日: 10時00分～22時30分; 土��日: 10時00分～20時00分; 日曜日: 10時00分～19時00分,OPERATIONAL,"gym, point_of_interest, health, establishment, spa",,,nearby_search,,,2025-07-28,1.00
248,カーブス コープ大福,Curves,日本、〒701-0204 岡山県岡山市南区大福３１４ コープ大福 1F,086-250-2590,https://www.curves.co.jp/gbp_2209tr_3490/?s_id=91845,34.6211433,133.8769725,4.9,,,"月曜日: 10時00分～13時00分, 15時00分～19時00分; 火曜日: 10時00分～13時00分, 15時00分～19時00分; 水曜日: 10時00分～13時00分, 15時00分～19時00分; 木曜日: 10時00分～13時00分, 15時00分～19時00分; 金曜日: 10時00分～13時00分, 15時00分～19時00分; 土曜日: 10時00分～13時00分; 日曜日: 定休日",OPERATIONAL,"health, establishment, spa, point_of_interest, gym",,,nearby_search,,,2025-07-28,1.00
249,カーブス 東古松,Curves,日本、〒700-0921 岡山県岡山市北区東古松４丁目２−１５,086-226-3458,https://www.curves.co.jp/gbp_2209tr_3490/?s_id=90049,34.6476152,133.9173228,4.4,,,"月曜日: 10時00分～13時00分, 15時00分～19時00分; ��曜日: 10時00分～13時00分, 15時00分～19時00分; 水曜日: 10時00分～13時00分, 15時00分～19時00分; 木曜日: 10時00分～13時00分, 15時00分～19時00分; 金曜日: 10時00分～13時00分, 15時00分～19時00分; 土曜日: 10時00分～13時00分; 日曜日: 定休日",OPERATIONAL,"gym, health, point_of_interest, establishment, spa",,,nearby_search,,,2025-07-28,1.00
250,カーブス 早島,Curves,日本、〒701-0303 岡山県都窪郡早島町前潟１５３−２,086-454-8211,https://www.curves.co.jp/gbp_2209tr_3490/?s_id=91939,34.6010213,133.8246874,4.9,,,"月曜日: 10時00分～13時00分, 15時00分～19時00分; 火曜日: 10時00分～13時00分, 15時00分～19時00分; 水曜日: 10時00分～13時00分, 15時00分～19時00分; 木曜日: 10時00分～13時00分, 15時00分～19時00分; 金曜日: 10時00分～13時00分, 15時00分～19時00分; 土曜日: 10時00分～13時00分; 日曜日: 定休日",OPERATIONAL,"gym, establishment, point_of_interest, health, spa",,,nearby_search,,,2025-07-28,1.00
251,JOYFIT24LITE 奥田,Joyfit,日本、〒700-0933 岡山県岡山市北区奥田２丁目１−１０,086-221-5811,http://joyfit.jp/okuda/,34.6443441,133.9198839,3.6,,,月曜日: 24 時間営業; 火曜日: 24 時間営業; 水曜日: 24 時間営業; 木曜日: 24 時間営業; 金曜日: 24 時間営業; 土曜日: 24 時間営業; 日曜日: 24 時間営業,OPERATIONAL,"gym, point_of_interest, establishment, health",,,nearby_search,,,2025-07-28,1.00
252,女性専用24時間ジム&エステ BETORE (ビトレ)岡山本店,その他,日本、〒700-0964 岡山県岡山市北区中仙道１丁目１−１２ 2F,086-242-1010,https://betore.jp/,34.6491705,133.8907505,4.9,,,"月曜日: 9時00分～13時00分, 18時00分～22時00分; 火曜日: 9時00分～13時00分, 18時00分～22時00分; 水曜日: 10時00分～21時00分; 木曜日: 9時00分～13時00分, 18時00分～22時00分; 金曜日: 9時00分～13時00分, 18時00分～22時00分; 土曜日: 9時00分～13時00分, 18時00分～22時00分; 日曜日: 10時00分～19時00分",OPERATIONAL,"spa, gym, health, point_of_interest, beauty_salon, establishment",,,nearby_search,,,2025-07-28,1.00
253,chocoZAP弓之町,その他,日本、〒700-0817 岡山県岡山市北区弓之町１７−１ 1F 店舗,,https://chocozap.jp/?utm_source=googlemap&utm_campaign=googlemap&utm_term=yuminochou&utm_content=top&utm_medium=googlemap,34.6695488,133.9306241,3.7,,,月曜日: 24 時間営業; 火曜日: 24 時間営業; 水曜日: 24 時間営業; 木曜日: 24 時間営業; 金曜日: 24 時間営業; 土曜日: 24 時間営業; 日曜日: 24 時間営業,OPERATIONAL,"establishment, point_of_interest, gym, health, spa",,,nearby_search,,,2025-07-28,1.00
254,プリッツジム岡山店,その他,日本、〒700-0821 岡山県岡山市北区中山下１丁目１０−１０ 新田ビル 3階,,https://pliz.jp/okayamashi/,34.6636894,133.9279595,,,,��曜日: 11時00分～21時00分; 火曜日: 11時00分～21時00分; 水曜日: 11時00分～21時00分; 木曜日: 11時00分～21時00分; 金曜日: 11時00分～21時00分; 土曜日: 11時00分～21時00分; 日曜日: 11時00分～21時00分,OPERATIONAL,"point_of_interest, health, establishment",,,nearby_search,,,2025-07-28,1.00
255,ファディー倉敷中庄駅前,その他,日本、〒710-0012 岡山県倉敷市鳥羽２６−３,086-463-7060,https://furdi.jp/lp/lp06/?studio=kurashikinakasyoekimae&utm_source=google&utm_medium=maps&utm_campaign=sid0062,34.6259075,133.8083951,4.8,,,月曜日: 5時00分～23時00分; 火曜日: 5時00分～23時00分; 水曜日: 5時00分～23時00分; 木曜日: 5時00分～23時00分; 金曜日: 5時00分～23時00分; 土曜日: 5時00分～23時00分; 日曜日: 5時00分～23時00分,OPERATIONAL,"point_of_interest, health, establishment, spa, gym",,,nearby_search,,,2025-07-28,1.00
256,エイブルスポーツクラブ岡山,その他,日本、〒700-0053 岡山県岡山市北区下伊福本町１−３３,086-252-3131,https://www.ncp.co.jp/okayama/,34.66298,133.9036145,4,,,月曜日: 6時30分～23時00分; 火曜日: 6時30分～23時00分; 水曜日: 6時30分～23時00分; 木曜日: 定休日; 金曜日: 6時30分～23時00分; 土曜日: 6時30分～20時30分; 日曜日: 6時30分～19時00分,OPERATIONAL,"health, gym, establishment, school, point_of_interest",,,nearby_search,,,2025-07-28,1.00
257,Nok Fitness(ノックフィットネス)津山店,その他,日本、〒708-0006 岡山県津山市小田中１３０３−１８ イニシアビル 2F,080-5235-0210,https://nokfitness.net/,35.063568,133.9932573,5,,,月曜日: 9時00分～23時00分; 火曜日: 9時00分～23時00分; 水曜日: 9時00分～23時00分; 木曜日: 9時00分～23時00分; 金曜日: 9時00分～23時00分; 土曜日: 9時00分～23時00分; 日曜日: 9時00分～23時00分,OPERATIONAL,"health, point_of_interest, establishment",,,nearby_search,,,2025-07-28,1.00
258,スポーツクラブ＆サウナ ルネサンス 福山多治米24,その他,日本、〒720-0824 広島県福山市多治米町１丁目１４−１５,084-953-5333,https://www.s-re.jp/fukuyama-tajime/?utm_source=google&utm_medium=gMybusiness,34.472585,133.38345,3.7,,,月曜日: 8時30分～22時30分; 火曜日: 8時30分～22時30分; 水曜日: 8時30分～22時30分; 木曜日: 定休日; 金曜日: 8時30分～22時30分; 土曜日: 10時00分～21時00分; 日曜日: 10時00分～19時00分,OPERATIONAL,"health, point_of_interest, establishment, gym",,,nearby_search,,,2025-07-28,1.00
259,(株)プロツアー・スポーツ 岡山店,その他,日本、〒700-0977 岡山県岡山市北区問屋町８−１０３ イマシロ,086-241-0006,https://www.protour.co.jp/,34.6436647,133.8896784,3.8,,,月曜日: 10時30分～19時00分; 火曜日: 10時30分～19時00分; 水曜日: 10時30分～19時00分; 木曜日: 10時30分～19時00分; 金曜日: 10時30分～19時00分; 土曜日: 10時00分～19時00分; 日曜日: 10時00分～19時00分,OPERATIONAL,"establishment, point_of_interest, store",,,nearby_search,,,2025-07-28,1.00
260,スーパースポーツゼビオ 岡山新保店,その他,日本、〒700-0945 岡山県岡山市南区新保１１０１−３,086-235-2626,https://store.supersports.com/10449?utm_source=yext&utm_medium=local-listing&utm_campaign=yext-listing,34.6372404,133.9173701,3.5,,,月曜日: 10時00分～21時00分; 火曜日: 10時00分～21時00分; 水曜日: 10時00分～21時00分; 木曜日: 10時00分～21時00分; 金曜日: 10時00分～21時00分; 土曜日: 10時00分～21時00分; 日曜日: 10時00分～21時00分,OPERATIONAL,"store, point_of_interest, establishment",,,nearby_search,,,2025-07-28,1.00
261,モミジヤスポーツ 西大寺本店,その他,日本、〒704-8191 岡山県岡山市東区西大寺中野５００−８,086-943-6000,http://www.momijiyasports.jp/,34.6559855,134.026573,4,,,月曜日: 11時00分～19時30分; 火曜日: 定休日; 水曜日: 11時00分～19時30分; 木曜日: 11時00分～19時30分; 金曜日: 11時00分～19時30分; ���曜日: 10時00分～19時30分; 日曜日: 10時00分～19時00分,OPERATIONAL,"establishment, store, point_of_interest",,,nearby_search,,,2025-07-28,1.00
262,W-FIT24倉敷リンクスランド店,その他,日本、〒710-0846 岡山県倉敷市上富井５０９−３,086-430-0304,https://w-fit24.jp/kurashiki-linksland/,34.5801398,133.74443,4.8,,,月曜日: 24 時間営業; 火曜日: 24 時間営業; 水曜日: 24 時間営業; 木曜日: 24 時間営業; 金曜日: 24 時間営業; 土曜日: 24 時間営業; 日曜日: 24 時間営業,OPERATIONAL,"health, establishment, point_of_interest, store, gym",,,nearby_search,,,2025-07-28,1.00
263,セムラスポーツ,その他,日本、〒718-0003 岡山県新見市高尾２４８１−３２,0867-72-1657,,34.988804,133.460126,4,,,月曜日: 定休日; 火曜日: 10時00分～19時00分; 水曜日: 10時00分～19時00分; 木曜日: 10時00分～19時00分; 金曜日: 10時00分～19時00分; 土曜日: 10時00分～19時00分; 日曜日: 10時00分～19時00分,OPERATIONAL,"establishment, store, point_of_interest",,,nearby_search,,,2025-07-28,1.00